order_id,order_date,customer_id,category,region,channel,quantity,unit_price,discount_rate,returned,delivery_days,rating
O00001,2025-11-10,C0134,Electronics,Daegu,App,1,141300.0,0.0,0,6.0,4.0
O00002,2025-07-01,C0184,Home,Incheon,App,3,29400.0,0.0,0,7.0,4.0
O00003,2025-11-29,C0047,Food,Busan,Web,1,17400.0,0.0,0,2.0,5.0
O00004,2025-10-16,C0188,Home,Daegu,App,2,28100.0,0.0,0,2.0,5.0
O00005,2025-02-08,C0278,Fashion,Daegu,Web,2,48900.0,0.1,0,1.0,4.0
O00006,2025-12-26,C0041,Books,Daegu,App,2,19400.0,0.0,0,4.0,4.0
O00007,2025-11-07,C0099,Fashion,Incheon,App,1,42700.0,0.2,0,4.0,4.0
O00008,2025-11-12,C0209,Food,Daejeon,Web,1,14700.0,0.0,0,1.0,5.0
O00009,2025-02-23,C0186,Home,Busan,Web,1,30000.0,0.0,1,5.0,5.0
O00010,2025-07-06,C0203,Electronics,Daejeon,App,1,152700.0,0.0,0,1.0,4.0
O00011,2025-06-03,C0168,Home,Busan,Web,2,31100.0,0.1,0,6.0,4.0
O00012,2025-12-15,C0205,Electronics,Busan,App,1,149100.0,0.0,0,5.0,3.0
O00013,2025-09-24,C0183,Books,Incheon,App,1,14900.0,0.05,0,6.0,4.0
O00014,2025-11-21,C0023,Food,Incheon,App,1,15000.0,0.0,0,1.0,5.0
O00015,2025-07-03,C0226,Fashion,Daegu,Web,2,54400.0,0.3,0,7.0,2.0
O00016,2025-04-05,C0135,Home,Busan,App,1,36000.0,0.0,0,4.0,3.0
O00017,2025-08-18,C0016,Food,Daejeon,App,2,13000.0,0.05,0,7.0,3.0
O00018,2025-01-27,C0123,Fashion,Busan,Web,1,61700.0,0.2,0,5.0,3.0
O00019,2025-11-22,C0131,Fashion,Incheon,Web,4,36200.0,0.0,1,5.0,4.0
O00020,2025-09-19,C0027,Home,Daejeon,Web,2,33200.0,0.0,0,1.0,4.0
O00021,2025-11-06,C0299,Fashion,Incheon,Web,1,43600.0,0.2,0,5.0,4.0
O00022,2025-05-27,C0067,Food,Daegu,App,1,18800.0,0.0,0,4.0,3.0
O00023,2025-12-25,C0100,Electronics,Daejeon,App,1,150000.0,0.0,0,6.0,2.0
O00024,2025-12-07,C0133,Books,Daejeon,App,1,11300.0,0.05,0,5.0,4.0
O00025,2025-11-11,C0250,Fashion,Incheon,Web,1,60900.0,0.0,1,1.0,3.0
O00026,2025-03-22,C0223,Home,Incheon,Web,30,40300.0,0.2,0,7.0,4.0
O00027,2025-07-13,C0232,Electronics,Seoul,Web,2,163900.0,0.1,0,1.0,4.0
O00028,2025-01-19,C0072,Fashion,Incheon,App,1,57200.0,0.1,0,3.0,3.0
O00029,2025-03-05,C0254,Food,Daejeon,App,2,24300.0,0.0,0,2.0,5.0
O00030,2025-10-10,C0249,Fashion,Incheon,Web,1,50400.0,0.1,0,7.0,3.0
O00031,2025-11-03,C0140,Electronics,Busan,App,4,114000.0,0.1,1,2.0,3.0
O00032,2025-12-24,C0164,Home,Seoul,Web,1,35400.0,0.0,0,6.0,5.0
O00033,2025-05-15,C0012,Electronics,Busan,Web,2,139300.0,0.2,0,2.0,4.0
O00034,2025-06-03,C0229,Fashion,Busan,Web,2,44900.0,0.1,0,5.0,4.0
O00035,2025-07-14,C0289,Home,Daejeon,App,1,42400.0,0.1,0,1.0,5.0
O00036,2025-03-20,C0142,Home,Incheon,App,1,26800.0,0.0,0,3.0,5.0
O00037,2025-02-23,C0163,Food,Seoul,App,1,23100.0,0.0,0,5.0,4.0
O00038,2025-07-16,C0150,Food,Seoul,Web,3,15200.0,0.1,0,5.0,3.0
O00039,2025-04-04,C0025,Books,Daejeon,Web,2,21800.0,0.1,0,7.0,3.0
O00040,2025-10-05,C0186,Electronics,Daejeon,App,2,97100.0,0.05,0,6.0,3.0
O00041,2025-06-30,C0217,Fashion,Daegu,Web,2,35600.0,0.0,0,4.0,5.0
O00042,2025-11-23,C0279,Electronics,Seoul,App,3,152200.0,0.2,0,3.0,3.0
O00043,2025-10-17,C0279,Electronics,Seoul,App,1,152800.0,0.0,0,2.0,5.0
O00044,2025-05-10,C0148,Fashion,Seoul,App,1,54800.0,0.0,0,7.0,3.0
O00045,2025-11-23,C0288,Home,Daegu,App,30,48000.0,0.1,0,5.0,4.0
O00046,2025-11-17,C0159,Books,,App,1,14200.0,0.0,0,7.0,2.0
O00047,2025-06-10,C0193,Food,Daejeon,App,3,23000.0,0.0,0,4.0,3.0
O00048,2025-04-30,C0181,Food,Seoul,App,1,17000.0,0.0,0,4.0,3.0
O00049,2025-10-10,C0300,Food,Seoul,App,1,19400.0,0.2,0,6.0,3.0
O00050,2025-02-27,C0222,Electronics,Daejeon,Web,3,121400.0,0.0,0,6.0,3.0
O00051,2025-03-24,C0037,Books,Daejeon,App,1,11300.0,0.1,0,2.0,4.0
O00052,2025-01-04,C0022,Books,Daegu,Web,1,17600.0,0.3,0,4.0,5.0
O00053,2025-11-13,C0123,Electronics,Seoul,App,1,146800.0,0.1,0,2.0,4.0
O00054,2025-10-03,C0155,Home,Seoul,App,2,28800.0,0.05,0,6.0,3.0
O00055,2025-10-19,C0201,Books,Seoul,App,3,21600.0,0.05,0,1.0,4.0
O00056,2025-11-11,C0145,Home,Daegu,App,1,37500.0,0.05,0,6.0,4.0
O00057,2025-07-09,C0155,Books,Daejeon,App,1,13200.0,0.1,0,7.0,3.0
O00058,2025-08-24,C0277,Books,Daegu,Web,1,18400.0,0.3,0,,5.0
O00059,2025-02-27,C0101,Home,Busan,Web,4,29200.0,0.1,0,5.0,3.0
O00060,2025-02-17,C0149,Electronics,Daegu,Web,1,89300.0,0.05,0,1.0,4.0
O00061,2025-10-04,C0168,Fashion,Seoul,App,4,53100.0,0.0,0,3.0,3.0
O00062,2025-07-14,C0141,Fashion,Daejeon,App,3,35000.0,0.2,0,3.0,5.0
O00063,2025-08-22,C0291,Home,Daejeon,Web,1,27100.0,0.0,0,4.0,4.0
O00064,2025-11-07,C0289,Home,Daegu,App,3,42600.0,0.2,0,7.0,3.0
O00065,2025-09-20,C0154,Home,Daejeon,Web,2,25900.0,0.0,0,4.0,4.0
O00066,2025-08-18,C0136,Electronics,Incheon,App,1,152000.0,0.1,0,3.0,4.0
O00067,2025-08-20,C0177,Fashion,Incheon,App,1,56600.0,0.2,0,1.0,4.0
O00068,2025-05-06,C0055,Food,Busan,Web,3,14400.0,0.05,0,7.0,4.0
O00069,2025-01-13,C0128,Electronics,Daejeon,App,3,127500.0,0.0,0,3.0,4.0
O00070,2025-06-30,C0066,Fashion,Daegu,App,2,34500.0,0.2,0,4.0,5.0
O00071,2025-03-30,C0044,Books,Seoul,Web,5,18300.0,0.05,0,1.0,
O00072,2025-06-19,C0029,Electronics,Daejeon,App,1,89300.0,0.0,0,3.0,5.0
O00073,2025-11-28,C0177,Home,Seoul,App,3,47600.0,0.05,0,4.0,5.0
O00074,2025-04-07,C0001,Fashion,Incheon,App,3,38000.0,0.05,0,7.0,3.0
O00075,2025-01-25,C0194,Electronics,Seoul,App,1,141400.0,0.1,0,3.0,5.0
O00076,2025-04-27,C0130,Home,Daegu,App,1,27600.0,0.0,0,4.0,4.0
O00077,2025-05-02,C0110,Home,Incheon,Web,1,29600.0,0.05,0,7.0,5.0
O00078,2025-10-01,C0231,Electronics,Incheon,App,3,121900.0,0.2,0,3.0,5.0
O00079,2025-08-19,C0162,Electronics,Daegu,App,1,132100.0,0.0,1,3.0,4.0
O00080,2025-11-12,C0221,Electronics,Daegu,Web,30,167900.0,0.05,1,1.0,5.0
O00081,2025-10-02,C0213,Food,Busan,Web,1,12900.0,0.1,0,7.0,5.0
O00082,2025-06-18,C0010,Books,Daejeon,Web,1,11200.0,0.2,0,1.0,4.0
O00083,2025-11-19,C0065,Electronics,Incheon,App,2,113400.0,0.1,0,2.0,5.0
O00084,2025-03-11,C0171,Fashion,Seoul,App,1,43000.0,0.2,0,1.0,5.0
O00085,2025-01-10,C0293,Fashion,Seoul,App,3,59300.0,0.0,0,5.0,3.0
O00086,2025-02-07,C0047,Fashion,Busan,Web,1,60200.0,0.05,0,3.0,4.0
O00087,2025-10-26,C0032,Fashion,Daegu,Web,3,59200.0,0.2,0,5.0,2.0
O00088,2025-07-11,C0283,Electronics,Incheon,App,1,96000.0,0.2,0,5.0,4.0
O00089,2025-03-08,C0291,Home,Busan,App,5,34600.0,0.1,0,1.0,4.0
O00090,2025-07-27,C0051,Fashion,Incheon,App,2,55000.0,0.05,0,3.0,4.0
O00091,2025-03-05,C0121,Fashion,Daejeon,App,1,41300.0,0.05,0,1.0,5.0
O00092,2025-10-16,C0188,Fashion,Incheon,App,1,52400.0,0.0,0,1.0,4.0
O00093,2025-07-04,C0059,Books,Seoul,App,1,13900.0,0.2,0,4.0,4.0
O00094,2025-06-07,C0098,Food,Seoul,App,2,16700.0,0.2,0,2.0,
O00095,2025-05-05,C0119,Home,Incheon,App,3,45600.0,0.05,0,1.0,4.0
O00096,2025-09-18,C0193,Fashion,Incheon,Web,1,39400.0,0.0,0,3.0,5.0
O00097,2025-05-30,C0093,Books,Daejeon,Web,1,22000.0,0.0,0,4.0,5.0
O00098,2025-02-06,C0124,Books,Incheon,Web,2,14600.0,0.0,0,7.0,3.0
O00099,2025-02-18,C0087,Electronics,Daegu,Web,2,86000.0,0.1,1,5.0,3.0
O00100,2025-12-23,C0228,Books,Incheon,Web,2,14100.0,0.1,0,3.0,4.0
O00101,2025-12-10,C0046,Food,Busan,App,1,14800.0,0.0,0,4.0,4.0
O00102,2025-10-17,C0070,Electronics,Daegu,Web,2,126600.0,0.1,0,1.0,4.0
O00103,2025-04-21,C0075,Food,Daegu,App,5,14000.0,0.3,1,3.0,5.0
O00104,2025-12-24,C0272,Electronics,Daegu,App,1,136600.0,0.0,0,5.0,3.0
O00105,2025-11-11,C0284,Electronics,Seoul,App,1,157500.0,0.05,1,1.0,4.0
O00106,2025-10-24,C0151,Electronics,Daegu,App,1,114500.0,0.05,0,7.0,4.0
O00107,2025-07-05,C0047,Home,Busan,Web,2,28600.0,0.0,0,4.0,3.0
O00108,2025-04-23,C0227,Food,Daegu,App,1,17600.0,0.05,0,6.0,4.0
O00109,2025-02-09,C0148,Home,Daegu,Web,4,43800.0,0.1,0,2.0,4.0
O00110,2025-12-09,C0255,Electronics,Daegu,App,2,133700.0,0.0,0,6.0,
O00111,2025-07-08,C0108,Electronics,Daejeon,Web,2,92500.0,0.0,1,3.0,4.0
O00112,2025-03-25,C0300,Books,Incheon,Web,3,17200.0,0.2,0,7.0,2.0
O00113,2025-05-07,C0243,Books,Seoul,App,1,16400.0,0.0,0,4.0,5.0
O00114,2025-08-28,C0068,Food,Daegu,App,3,16700.0,0.1,0,5.0,4.0
O00115,2025-03-15,C0218,Electronics,Daegu,App,1,93300.0,0.1,0,2.0,5.0
O00116,2025-11-29,C0087,Books,Seoul,App,2,22200.0,0.2,1,7.0,4.0
O00117,2025-11-06,C0105,Food,Seoul,Web,4,14800.0,0.1,0,2.0,4.0
O00118,2025-10-25,C0076,Home,Busan,App,2,29200.0,0.2,0,1.0,3.0
O00119,2025-06-28,C0205,Electronics,Daejeon,Web,3,96200.0,0.1,1,4.0,3.0
O00120,2025-09-17,C0079,Books,Incheon,Web,1,17600.0,0.05,0,6.0,3.0
O00121,2025-08-30,C0192,Home,Daejeon,Web,3,35400.0,0.05,0,7.0,5.0
O00122,2025-09-26,C0175,Electronics,Daejeon,Web,2,105000.0,0.05,0,6.0,3.0
O00123,2025-02-04,C0226,Fashion,Incheon,Web,2,45000.0,0.05,0,4.0,5.0
O00124,2025-06-22,C0299,Home,Daegu,App,1,41000.0,0.0,0,7.0,3.0
O00125,2025-01-18,C0003,Electronics,Busan,Web,1,107700.0,0.05,0,4.0,4.0
O00126,2025-07-24,C0298,Fashion,Seoul,Web,2,60300.0,0.05,0,4.0,4.0
O00127,2025-05-17,C0033,Home,,App,1,32000.0,0.0,0,2.0,5.0
O00128,2025-03-01,C0159,Books,Incheon,Web,2,13400.0,0.0,0,6.0,4.0
O00129,2025-02-12,C0103,Electronics,Seoul,App,3,164200.0,0.1,0,3.0,3.0
O00130,2025-09-01,C0192,Home,Busan,App,4,44400.0,0.1,0,2.0,5.0
O00131,2025-03-12,C0217,Books,Seoul,App,1,15000.0,0.2,0,3.0,4.0
O00132,2025-12-14,C0258,Books,Daegu,App,4,20600.0,0.05,0,5.0,3.0
O00133,2025-08-29,C0121,Books,Daejeon,Web,1,17000.0,0.2,0,2.0,2.0
O00134,2025-05-24,C0280,Electronics,Daejeon,Web,1,113100.0,0.1,0,3.0,5.0
O00135,2025-09-02,C0097,Books,Busan,App,3,20600.0,0.0,0,3.0,4.0
O00136,2025-01-10,C0062,Books,Incheon,App,1,19600.0,0.3,0,5.0,4.0
O00137,2025-12-22,C0114,Fashion,Daejeon,App,1,40900.0,0.0,0,5.0,3.0
O00138,2025-07-19,C0159,Home,Incheon,Web,1,39400.0,0.1,0,5.0,3.0
O00139,2025-11-12,C0201,Home,Busan,App,1,33600.0,0.1,0,1.0,4.0
O00140,2025-02-04,C0250,Home,Busan,Web,3,24500.0,0.0,0,3.0,5.0
O00141,2025-07-21,C0068,Fashion,Daegu,Web,1,61800.0,0.1,0,5.0,4.0
O00142,2025-07-23,C0091,Books,Incheon,Web,1,17400.0,0.05,0,2.0,4.0
O00143,2025-12-17,C0282,Books,Daejeon,App,2,17900.0,0.0,0,1.0,5.0
O00144,2025-08-25,C0132,Fashion,Daejeon,Web,1,50400.0,0.0,0,3.0,4.0
O00145,2025-07-15,C0073,Books,Seoul,App,2,17400.0,0.0,0,5.0,
O00146,2025-04-21,C0296,Fashion,Daegu,App,4,40600.0,0.0,0,5.0,4.0
O00147,2025-05-18,C0135,Food,Busan,App,2,24800.0,0.1,1,1.0,4.0
O00148,2025-08-04,C0296,Home,Incheon,App,3,39700.0,0.05,0,5.0,4.0
O00149,2025-07-01,C0276,Home,Busan,App,1,40900.0,0.05,0,2.0,3.0
O00150,2025-01-09,C0272,Electronics,Busan,Web,3,122200.0,0.1,0,6.0,3.0
O00151,2025-11-22,C0175,Food,Busan,Web,1,16200.0,0.0,0,4.0,
O00152,2025-12-08,C0240,Fashion,Seoul,App,1,33500.0,0.0,0,1.0,5.0
O00153,2025-02-28,C0289,Fashion,Daegu,Web,2,42500.0,0.1,0,3.0,5.0
O00154,2025-08-18,C0081,Electronics,Seoul,Web,1,98800.0,0.2,0,6.0,
O00155,2025-02-14,C0012,Books,Busan,Web,3,18600.0,0.05,0,4.0,5.0
O00156,2025-10-06,C0097,Electronics,Seoul,Web,2,-1000.0,0.0,0,5.0,5.0
O00157,2025-04-27,C0192,Food,Seoul,Web,4,16400.0,0.1,0,6.0,4.0
O00158,2025-09-30,C0165,Books,Busan,Web,1,14900.0,0.2,0,1.0,4.0
O00159,2025-10-28,C0025,Electronics,Daejeon,App,1,140300.0,0.05,0,7.0,3.0
O00160,2025-11-08,C0169,Home,Daejeon,Web,2,28200.0,0.0,1,3.0,4.0
O00161,2025-02-14,C0053,Home,Busan,App,1,47300.0,0.0,0,6.0,3.0
O00162,2025-12-12,C0152,Fashion,Incheon,App,2,43000.0,0.1,0,4.0,4.0
O00163,2025-04-06,C0173,Food,Daejeon,Web,2,13900.0,0.2,0,5.0,5.0
O00164,2025-01-16,C0192,Home,Busan,App,4,28800.0,0.1,0,3.0,5.0
O00165,2025-08-18,C0124,Home,,App,2,47400.0,0.0,0,6.0,2.0
O00166,2025-06-03,C0123,Home,Seoul,App,1,30600.0,0.1,0,1.0,4.0
O00167,2025-11-22,C0204,Books,Busan,Web,-1,18600.0,0.2,0,7.0,3.0
O00168,2025-11-17,C0225,Food,Busan,Web,2,14600.0,0.05,0,2.0,5.0
O00169,2025-05-12,C0243,Fashion,Seoul,Web,1,37600.0,0.2,0,7.0,4.0
O00170,2025-12-21,C0101,Books,Daejeon,App,1,21000.0,0.05,0,1.0,5.0
O00171,2025-05-01,C0128,Books,Daejeon,App,1,12900.0,0.0,0,1.0,4.0
O00172,2025-08-02,C0100,Books,Busan,App,1,11400.0,0.1,0,1.0,4.0
O00173,2025-04-16,C0159,Food,Daejeon,App,1,18900.0,0.05,0,4.0,4.0
O00174,2025-12-17,C0039,Fashion,Daegu,App,1,58700.0,0.3,0,2.0,4.0
O00175,2025-03-10,C0130,Food,Daejeon,App,2,16700.0,0.05,0,5.0,4.0
O00176,2025-01-19,C0057,Fashion,Daejeon,Web,1,35500.0,0.05,0,6.0,3.0
O00177,2025-06-30,C0160,Fashion,Incheon,App,2,62400.0,0.05,0,1.0,3.0
O00178,2025-12-30,C0256,Home,Seoul,Web,1,41100.0,0.05,1,,4.0
O00179,2025-12-07,C0296,Books,Daejeon,Web,3,20700.0,0.05,0,6.0,3.0
O00180,2025-11-04,C0134,Home,Daegu,App,1,42900.0,0.1,0,3.0,5.0
O00181,2025-12-06,C0017,Fashion,Daejeon,App,2,53500.0,0.05,0,7.0,3.0
O00182,2025-12-07,C0069,Home,Daejeon,Web,1,33900.0,0.05,0,5.0,3.0
O00183,2025-08-03,C0032,Fashion,Seoul,App,1,41700.0,0.1,1,1.0,5.0
O00184,2025-05-11,C0228,Food,Incheon,Web,1,21600.0,0.0,1,4.0,2.0
O00185,2025-11-09,C0296,Fashion,Seoul,Web,3,54100.0,0.1,0,3.0,3.0
O00186,2025-10-01,C0167,Home,Seoul,Web,3,47800.0,0.05,0,1.0,5.0
O00187,2025-06-04,C0054,Fashion,Daejeon,App,1,49400.0,0.05,1,7.0,3.0
O00188,2025-02-09,C0007,Fashion,,App,1,40800.0,0.1,1,2.0,5.0
O00189,2025-11-03,C0293,Books,Daejeon,Web,2,16700.0,0.1,0,1.0,3.0
O00190,2025-04-19,C0095,Fashion,Daejeon,Web,2,50800.0,0.2,0,,4.0
O00191,2025-12-17,C0034,Electronics,Daegu,Web,1,119800.0,0.05,0,6.0,3.0
O00192,2025-04-10,C0054,Fashion,Incheon,Web,2,56400.0,0.0,1,5.0,5.0
O00193,2025-02-20,C0077,Home,Daejeon,App,1,38800.0,0.1,0,6.0,4.0
O00194,2025-11-23,C0197,Electronics,Incheon,App,2,84800.0,0.1,0,4.0,5.0
O00195,2025-03-05,C0268,Fashion,Daegu,App,1,49400.0,0.1,0,1.0,5.0
O00196,2025-03-16,C0083,Electronics,Busan,Web,1,137200.0,0.1,0,3.0,4.0
O00197,2025-09-06,C0207,Home,Daegu,App,1,46900.0,0.1,0,2.0,5.0
O00198,2025-12-03,C0020,Food,Daejeon,Web,2,17800.0,0.0,0,4.0,3.0
O00199,2025-03-23,C0004,Books,Daegu,Web,1,17600.0,0.1,0,2.0,4.0
O00200,2025-05-09,C0017,Fashion,Incheon,App,2,46500.0,0.0,1,7.0,4.0
O00201,2025-11-10,C0277,Books,Seoul,App,3,17200.0,0.05,0,3.0,3.0
O00202,2025-12-25,C0175,Fashion,Seoul,App,2,33600.0,0.1,0,3.0,5.0
O00203,2025-07-27,C0242,Food,Daegu,App,1,23900.0,0.05,0,7.0,3.0
O00204,2025-03-01,C0007,Home,Daegu,App,1,46800.0,0.05,0,4.0,5.0
O00205,2025-01-06,C0007,Food,Daegu,App,1,19500.0,0.2,0,2.0,4.0
O00206,2025-04-06,C0255,Food,Daejeon,App,2,19600.0,0.1,0,4.0,4.0
O00207,2025-02-24,C0031,Home,Incheon,Web,3,25900.0,0.05,0,2.0,5.0
O00208,2025-10-08,C0047,Fashion,Daejeon,Web,1,50300.0,0.3,0,6.0,3.0
O00209,2025-02-20,C0156,Home,Daegu,Web,3,35000.0,0.05,0,5.0,3.0
O00210,2025-07-29,C0182,Books,Busan,Web,1,19100.0,0.1,0,6.0,4.0
O00211,2025-10-15,C0069,Books,Daejeon,Web,1,11700.0,0.0,1,7.0,3.0
O00212,2025-08-29,C0134,Books,Seoul,App,1,19200.0,0.0,0,6.0,3.0
O00213,2025-03-24,C0203,Electronics,Incheon,App,2,108100.0,0.0,0,3.0,4.0
O00214,2025-11-16,C0133,Home,Daejeon,App,1,40500.0,0.0,0,2.0,5.0
O00215,2025-10-24,C0115,Electronics,Daegu,Web,1,136700.0,0.05,0,4.0,4.0
O00216,2025-11-01,C0022,Food,Daejeon,App,2,15500.0,0.0,0,4.0,4.0
O00217,2025-02-24,C0136,Books,Seoul,Web,2,16100.0,0.1,0,3.0,3.0
O00218,2025-02-21,C0241,Electronics,Incheon,Web,1,154200.0,0.0,0,6.0,3.0
O00219,2025-12-15,C0189,Food,Daegu,Web,1,20200.0,0.0,0,7.0,4.0
O00220,2025-06-14,C0268,Books,Daegu,Web,1,12000.0,0.3,0,3.0,5.0
O00221,2025-05-05,C0038,Books,Daejeon,Web,1,16200.0,0.1,0,5.0,4.0
O00222,2025-07-22,C0004,Fashion,Incheon,App,1,41300.0,0.2,0,7.0,4.0
O00223,2025-10-02,C0165,Electronics,Daegu,App,2,137900.0,0.05,1,1.0,5.0
O00224,2025-12-21,C0054,Books,Incheon,App,1,18100.0,0.0,0,3.0,5.0
O00225,2025-04-29,C0179,Books,Daejeon,Web,2,11300.0,0.1,0,6.0,4.0
O00226,2025-12-14,C0272,Home,Seoul,App,1,39400.0,0.1,0,4.0,
O00227,2025-01-11,C0102,Books,Busan,App,1,19400.0,0.0,0,6.0,3.0
O00228,2025-08-18,C0165,Electronics,Seoul,Web,1,148600.0,0.2,0,4.0,3.0
O00229,2025-09-20,C0205,Food,Daegu,App,1,13300.0,0.1,1,1.0,5.0
O00230,2025-02-13,C0046,Electronics,Busan,App,1,109500.0,0.1,0,4.0,5.0
O00231,2025-02-28,C0270,Books,Busan,App,1,15900.0,0.05,0,3.0,5.0
O00232,2025-06-23,C0061,Food,Daejeon,Web,3,14900.0,0.1,0,6.0,5.0
O00233,2025-12-24,C0243,Books,Busan,App,3,15900.0,0.0,0,2.0,5.0
O00234,2025-09-04,C0198,Home,Seoul,Web,1,26200.0,0.3,0,2.0,5.0
O00235,2025-12-16,C0043,Electronics,Seoul,Web,2,93500.0,0.05,0,1.0,5.0
O00236,2025-11-17,C0218,Electronics,Busan,Web,2,140200.0,0.0,0,4.0,3.0
O00237,2025-07-13,C0059,Fashion,Daejeon,App,3,39800.0,0.0,0,7.0,3.0
O00238,2025-11-12,C0180,Food,Incheon,Web,1,21600.0,0.1,0,5.0,3.0
O00239,2025-01-08,C0288,Electronics,Daejeon,Web,1,88000.0,0.3,0,6.0,4.0
O00240,2025-02-15,C0286,Books,Busan,Web,1,17500.0,0.2,0,6.0,4.0
O00241,2025-11-22,C0262,Fashion,Busan,App,1,43800.0,0.1,0,5.0,4.0
O00242,2025-11-15,C0149,Home,Seoul,App,1,44000.0,0.3,0,5.0,4.0
O00243,2025-04-07,C0168,Fashion,Busan,App,3,56200.0,0.1,0,2.0,5.0
O00244,2025-08-08,C0091,Home,Incheon,Web,3,33700.0,0.0,0,7.0,1.0
O00245,2025-09-08,C0277,Home,Daejeon,Web,1,39800.0,0.1,1,6.0,4.0
O00246,2025-12-01,C0144,Electronics,Busan,App,1,103100.0,0.0,0,7.0,4.0
O00247,2025-09-07,C0232,Home,Daegu,Web,1,38700.0,0.0,0,7.0,5.0
O00248,2025-06-20,C0108,Food,Daegu,App,1,13600.0,0.05,1,3.0,5.0
O00249,2025-06-04,C0223,Books,Busan,App,2,16100.0,0.0,0,2.0,5.0
O00250,2025-06-26,C0068,Fashion,Daejeon,App,1,37300.0,0.3,0,7.0,3.0
O00251,2025-09-27,C0221,Books,Incheon,App,3,21100.0,0.3,0,4.0,4.0
O00252,2025-12-01,C0014,Books,Seoul,App,4,16200.0,0.05,0,7.0,4.0
O00253,2025-07-07,C0032,Books,Daejeon,Web,2,17800.0,0.1,0,5.0,4.0
O00254,2025-04-13,C0106,Fashion,Daejeon,App,2,42900.0,0.05,0,2.0,4.0
O00255,2025-04-08,C0145,Books,Seoul,Web,2,14400.0,0.0,1,3.0,4.0
O00256,2025-11-03,C0214,Home,Daejeon,App,1,29500.0,0.0,0,5.0,3.0
O00257,2025-11-19,C0108,Electronics,Daejeon,Web,1,160600.0,0.0,0,3.0,5.0
O00258,2025-02-13,C0006,Fashion,Daejeon,Web,2,56700.0,0.0,0,2.0,5.0
O00259,2025-01-28,C0098,Food,,App,1,14300.0,0.0,0,2.0,4.0
O00260,2025-09-03,C0132,Electronics,Daegu,Web,3,146700.0,0.0,0,5.0,3.0
O00261,2025-03-02,C0164,Home,Incheon,Web,1,34800.0,0.0,0,1.0,5.0
O00262,2025-11-21,C0194,Food,Daegu,App,1,12800.0,0.2,0,1.0,5.0
O00263,2025-05-09,C0075,Electronics,Daegu,Web,1,128400.0,0.0,0,1.0,4.0
O00264,2025-03-01,C0184,Home,Daegu,App,4,27700.0,0.0,0,6.0,2.0
O00265,2025-12-13,C0190,Fashion,Incheon,Web,1,38100.0,0.05,1,1.0,5.0
O00266,2025-03-10,C0233,Home,Daegu,Web,1,41600.0,0.05,0,3.0,3.0
O00267,2025-04-28,C0157,Fashion,Incheon,Web,1,39600.0,0.05,0,1.0,5.0
O00268,2025-03-05,C0244,Books,Seoul,App,2,21200.0,0.0,0,5.0,5.0
O00269,2025-02-17,C0067,Electronics,Seoul,App,5,139200.0,0.1,0,1.0,5.0
O00270,2025-01-09,C0214,Books,Daejeon,Web,1,20500.0,0.1,1,1.0,5.0
O00271,2025-01-23,C0014,Food,Daejeon,App,3,20400.0,0.1,0,3.0,5.0
O00272,2025-03-14,C0031,Books,Incheon,App,1,20900.0,0.1,0,5.0,5.0
O00273,2025-01-23,C0260,Books,Seoul,App,2,15300.0,0.05,0,1.0,3.0
O00274,2025-09-02,C0143,Electronics,Daegu,App,1,130100.0,0.05,0,4.0,4.0
O00275,2025-10-09,C0187,Books,Seoul,App,1,17000.0,0.0,1,6.0,4.0
O00276,2025-06-12,C0182,Home,Busan,App,2,-1000.0,0.05,0,5.0,3.0
O00277,2025-05-12,C0209,Books,Busan,App,2,13000.0,0.0,0,6.0,4.0
O00278,2025-07-28,C0074,Books,Seoul,App,1,17700.0,0.0,0,3.0,4.0
O00279,2025-12-03,C0054,Home,Daejeon,Web,3,43000.0,0.1,1,7.0,3.0
O00280,2025-11-27,C0013,Fashion,Incheon,Web,4,43200.0,0.0,1,2.0,4.0
O00281,2025-01-18,C0260,Electronics,Busan,App,1,156900.0,0.0,0,5.0,3.0
O00282,2025-03-17,C0068,Electronics,Incheon,Web,2,115300.0,0.1,0,4.0,4.0
O00283,2025-04-08,C0173,Fashion,Seoul,Web,3,37000.0,0.05,0,1.0,5.0
O00284,2025-04-14,C0137,Books,Incheon,Web,1,17700.0,0.2,0,7.0,3.0
O00285,2025-08-25,C0049,Home,Incheon,Web,3,34800.0,0.2,0,5.0,5.0
O00286,2025-06-22,C0125,Home,Busan,App,1,24900.0,0.3,0,2.0,5.0
O00287,2025-01-21,C0025,Fashion,Daejeon,App,2,33700.0,0.05,1,1.0,5.0
O00288,2025-06-04,C0054,Home,Busan,App,1,29300.0,0.0,0,5.0,3.0
O00289,2025-08-05,C0042,Food,Seoul,Web,1,22300.0,0.1,0,4.0,3.0
O00290,2025-02-12,C0248,Books,Incheon,App,2,21200.0,0.1,0,1.0,5.0
O00291,2025-11-23,C0171,Food,Daejeon,Web,2,19500.0,0.1,0,7.0,5.0
O00292,2025-01-22,C0278,Food,Busan,App,3,13900.0,0.0,0,6.0,5.0
O00293,2025-12-14,C0131,Books,Seoul,App,5,17200.0,0.0,0,4.0,4.0
O00294,2025-02-11,C0061,Home,Daejeon,App,1,45500.0,0.0,1,2.0,5.0
O00295,2025-11-26,C0183,Books,Incheon,App,1,19600.0,0.0,0,2.0,5.0
O00296,2025-12-09,C0279,Fashion,Seoul,App,1,40700.0,0.0,0,4.0,3.0
O00297,2025-12-27,C0160,Electronics,Daegu,App,1,94400.0,0.2,0,1.0,5.0
O00298,2025-11-16,C0006,Home,Busan,App,1,46600.0,0.0,0,3.0,4.0
O00299,2025-11-11,C0092,Electronics,Daejeon,App,3,155700.0,0.1,0,2.0,4.0
O00300,2025-09-23,C0278,Electronics,Busan,Web,2,88500.0,0.2,1,1.0,5.0
O00301,2025-11-11,C0156,Books,Incheon,App,1,20400.0,0.05,0,1.0,5.0
O00302,2025-02-25,C0286,Food,,Web,1,13800.0,0.05,0,3.0,4.0
O00303,2025-08-10,C0153,Fashion,Busan,Web,2,33500.0,0.1,0,3.0,3.0
O00304,2025-08-01,C0004,Books,Incheon,App,1,19700.0,0.0,0,3.0,5.0
O00305,2025-11-29,C0262,Electronics,Seoul,App,1,129100.0,0.05,0,5.0,2.0
O00306,2025-07-11,C0229,Fashion,Daegu,Web,1,44600.0,0.2,0,4.0,4.0
O00307,2025-06-09,C0215,Food,Daegu,Web,1,24000.0,0.1,0,2.0,5.0
O00308,2025-09-22,C0292,Fashion,Daejeon,Web,1,57900.0,0.2,0,7.0,4.0
O00309,2025-04-21,C0059,Food,Busan,App,2,13300.0,0.3,0,6.0,4.0
O00310,2025-02-27,C0272,Books,Busan,Web,1,18100.0,0.05,0,4.0,4.0
O00311,2025-07-17,C0070,Electronics,Incheon,App,2,148900.0,0.1,0,1.0,5.0
O00312,2025-06-22,C0292,Electronics,Daegu,App,1,130200.0,0.1,0,7.0,3.0
O00313,2025-04-07,C0058,Books,Daejeon,App,3,22200.0,0.1,1,6.0,4.0
O00314,2025-06-02,C0166,Home,Seoul,App,1,41300.0,0.1,0,4.0,4.0
O00315,2025-06-01,C0237,Home,Busan,Web,1,27100.0,0.1,0,2.0,5.0
O00316,2025-05-16,C0024,Home,Busan,Web,1,29400.0,0.2,1,1.0,5.0
O00317,2025-06-07,C0021,Home,Busan,App,1,44700.0,0.0,0,3.0,5.0
O00318,2025-10-11,C0255,Food,Incheon,Web,1,25200.0,0.1,0,2.0,4.0
O00319,2025-05-03,C0019,Home,Daejeon,Web,2,26900.0,0.0,0,2.0,5.0
O00320,2025-12-20,C0185,Electronics,Seoul,Web,1,92400.0,0.1,0,3.0,5.0
O00321,2025-12-12,C0282,Food,Daejeon,Web,1,22200.0,0.1,0,1.0,5.0
O00322,2025-07-19,C0185,Food,Daegu,App,1,13400.0,0.1,0,3.0,5.0
O00323,2025-05-16,C0145,Electronics,Daegu,App,2,89800.0,0.05,0,7.0,3.0
O00324,2025-08-10,C0126,Fashion,Daegu,App,3,59500.0,0.05,0,7.0,4.0
O00325,2025-11-27,C0192,Food,Seoul,App,2,22700.0,0.0,1,1.0,5.0
O00326,2025-09-28,C0172,Food,Daegu,App,2,23700.0,0.0,0,5.0,3.0
O00327,2025-11-17,C0151,Electronics,Busan,App,2,138600.0,0.0,0,7.0,3.0
O00328,2025-08-09,C0047,Electronics,Incheon,App,2,111100.0,0.2,0,5.0,2.0
O00329,2025-09-19,C0199,Home,Daegu,App,1,46700.0,0.0,0,3.0,5.0
O00330,2025-04-30,C0222,Home,Daegu,Web,2,31800.0,0.3,0,4.0,3.0
O00331,2025-11-01,C0213,Books,Busan,App,2,14300.0,0.0,0,2.0,4.0
O00332,2025-03-25,C0023,Home,Busan,Web,1,46200.0,0.1,0,3.0,5.0
O00333,2025-10-15,C0211,Books,Incheon,Web,2,18800.0,0.1,0,7.0,4.0
O00334,2025-11-29,C0219,Fashion,Seoul,Web,1,59700.0,0.1,0,5.0,2.0
O00335,2025-02-24,C0056,Home,Daegu,Web,1,28300.0,0.1,0,4.0,4.0
O00336,2025-09-12,C0255,Electronics,Seoul,Web,1,-1000.0,0.1,0,1.0,5.0
O00337,2025-02-09,C0158,Home,Incheon,App,2,39500.0,0.2,0,7.0,3.0
O00338,2025-10-28,C0142,Electronics,Daegu,App,3,140100.0,0.1,0,2.0,5.0
O00339,2025-02-04,C0217,Home,Seoul,Web,1,46900.0,0.0,0,6.0,3.0
O00340,2025-12-17,C0153,Fashion,Daejeon,App,1,43500.0,0.0,0,3.0,3.0
O00341,2025-02-26,C0164,Electronics,Busan,Web,1,144400.0,0.1,0,2.0,5.0
O00342,2025-12-22,C0094,Electronics,Seoul,App,1,137800.0,0.05,0,2.0,4.0
O00343,2025-11-16,C0279,Home,Daegu,Web,5,43800.0,0.05,0,3.0,3.0
O00344,2025-09-03,C0291,Books,Incheon,Web,1,21200.0,0.1,0,5.0,4.0
O00345,2025-11-12,C0040,Electronics,Daegu,App,1,141100.0,0.05,0,3.0,5.0
O00346,2025-11-14,C0220,Home,Daegu,App,-1,26200.0,0.1,0,1.0,4.0
O00347,2025-12-19,C0008,Fashion,Incheon,App,5,37300.0,0.1,0,2.0,5.0
O00348,2025-04-15,C0111,Books,Daejeon,App,1,21900.0,0.1,0,2.0,4.0
O00349,2025-09-02,C0291,Home,Busan,App,2,48200.0,0.1,0,3.0,4.0
O00350,2025-02-09,C0053,Books,Incheon,Web,1,22000.0,0.2,0,7.0,2.0
O00351,2025-09-12,C0114,Fashion,Seoul,Web,1,32700.0,0.1,0,7.0,3.0
O00352,2025-03-12,C0066,Electronics,Daegu,Web,2,116100.0,0.3,0,7.0,3.0
O00353,2025-08-22,C0219,Home,Busan,Web,-1,43100.0,0.0,0,1.0,4.0
O00354,2025-08-25,C0140,Food,,Web,2,22100.0,0.1,0,4.0,5.0
O00355,2025-07-12,C0178,Books,Daejeon,App,1,12200.0,0.1,0,1.0,4.0
O00356,2025-08-05,C0283,Books,Daejeon,Web,2,18000.0,0.05,1,4.0,4.0
O00357,2025-11-07,C0157,Books,Daejeon,App,2,12800.0,0.0,0,5.0,5.0
O00358,2025-11-15,C0221,Food,Seoul,App,2,18800.0,0.1,0,6.0,5.0
O00359,2025-07-23,C0030,Fashion,Seoul,App,1,39100.0,0.05,0,3.0,5.0
O00360,2025-09-06,C0065,Home,Daejeon,App,2,25800.0,0.2,0,1.0,
O00361,2025-12-16,C0285,Electronics,Busan,Web,5,90700.0,0.05,0,4.0,4.0
O00362,2025-02-19,C0258,Home,Seoul,Web,1,46800.0,0.0,0,3.0,
O00363,2025-02-18,C0198,Fashion,Busan,App,1,55000.0,0.1,0,5.0,4.0
O00364,2025-02-06,C0114,Electronics,Daejeon,App,3,162300.0,0.05,0,1.0,3.0
O00365,2025-09-30,C0060,Fashion,Busan,Web,1,46300.0,0.0,0,5.0,3.0
O00366,2025-06-23,C0256,Home,Seoul,Web,2,34600.0,0.1,0,3.0,4.0
O00367,2025-11-10,C0236,Fashion,Daegu,App,2,42800.0,0.05,0,6.0,4.0
O00368,2025-10-05,C0073,Books,Seoul,App,1,18100.0,0.0,1,7.0,3.0
O00369,2025-05-19,C0177,Home,Busan,Web,2,33100.0,0.1,0,2.0,5.0
O00370,2025-12-08,C0186,Books,Seoul,App,2,19600.0,0.1,0,,4.0
O00371,2025-11-07,C0144,Food,,App,1,22700.0,0.1,1,1.0,5.0
O00372,2025-04-22,C0279,Electronics,Incheon,Web,3,157600.0,0.05,0,7.0,2.0
O00373,2025-05-31,C0038,Fashion,Daejeon,App,1,39100.0,0.0,0,4.0,5.0
O00374,2025-05-11,C0078,Food,Busan,Web,1,19200.0,0.3,0,6.0,3.0
O00375,2025-03-07,C0029,Home,Busan,App,3,30000.0,0.1,0,6.0,5.0
O00376,2025-03-03,C0208,Fashion,Seoul,App,1,32700.0,0.0,0,5.0,5.0
O00377,2025-12-17,C0194,Home,Busan,Web,3,41800.0,0.2,0,3.0,5.0
O00378,2025-07-01,C0297,Books,Incheon,App,1,17300.0,0.0,0,6.0,4.0
O00379,2025-06-08,C0163,Fashion,Seoul,App,1,54300.0,0.1,0,4.0,2.0
O00380,2025-10-29,C0046,Electronics,Incheon,App,1,91400.0,0.1,0,5.0,4.0
O00381,2025-08-17,C0136,Fashion,Daejeon,Web,2,62900.0,0.3,0,5.0,5.0
O00382,2025-12-17,C0027,Books,Daegu,App,3,22300.0,0.3,0,4.0,
O00383,2025-11-11,C0202,Food,Daegu,App,3,18500.0,0.0,0,1.0,4.0
O00384,2025-07-18,C0203,Books,Daejeon,App,5,20900.0,0.1,0,3.0,4.0
O00385,2025-06-05,C0258,Books,Daegu,Web,2,13900.0,0.0,0,7.0,
O00386,2025-12-28,C0102,Electronics,Daegu,App,2,146000.0,0.1,1,4.0,4.0
O00387,2025-10-25,C0094,Fashion,Daejeon,App,1,59200.0,0.1,0,5.0,2.0
O00388,2025-12-20,C0022,Electronics,Seoul,App,3,152400.0,0.0,0,2.0,5.0
O00389,2025-02-19,C0125,Electronics,Daejeon,App,2,152200.0,0.0,0,5.0,5.0
O00390,2025-11-27,C0143,Books,Busan,Web,3,16400.0,0.0,0,4.0,4.0
O00391,2025-09-21,C0227,Books,Daegu,Web,1,20400.0,0.0,0,2.0,5.0
O00392,2025-02-20,C0227,Electronics,Daejeon,App,1,142000.0,0.0,0,2.0,4.0
O00393,2025-09-01,C0043,Food,Incheon,App,2,14300.0,0.2,0,3.0,4.0
O00394,2025-10-11,C0086,Home,Seoul,Web,1,27300.0,0.05,1,4.0,3.0
O00395,2025-01-06,C0154,Electronics,Busan,App,1,148800.0,0.1,0,2.0,5.0
O00396,2025-07-07,C0101,Books,Incheon,App,4,18200.0,0.2,0,2.0,3.0
O00397,2025-11-21,C0008,Books,Daejeon,Web,1,17000.0,0.1,0,2.0,3.0
O00398,2025-05-03,C0254,Home,Daejeon,Web,1,46700.0,0.05,0,3.0,4.0
O00399,2025-07-09,C0220,Food,Incheon,App,1,20900.0,0.2,0,6.0,3.0
O00400,2025-07-03,C0157,Fashion,Daejeon,App,1,44000.0,0.1,0,4.0,4.0
O00401,2025-05-05,C0096,Food,Incheon,Web,2,17800.0,0.1,0,4.0,3.0
O00402,2025-12-13,C0253,Home,,App,4,39300.0,0.2,1,2.0,5.0
O00403,2025-11-11,C0011,Books,Daejeon,App,5,19700.0,0.1,0,4.0,4.0
O00404,2025-02-15,C0134,Electronics,Daegu,App,2,131400.0,0.05,0,7.0,3.0
O00405,2025-12-31,C0241,Electronics,Incheon,App,2,126700.0,0.2,0,6.0,4.0
O00406,2025-12-04,C0286,Books,Incheon,App,1,19300.0,0.05,0,4.0,5.0
O00407,2025-04-28,C0076,Fashion,Daegu,App,3,-1000.0,0.2,0,3.0,5.0
O00408,2025-11-24,C0196,Fashion,Daegu,Web,1,57700.0,0.0,0,,5.0
O00409,2025-02-14,C0057,Food,Incheon,App,1,13400.0,0.0,0,1.0,5.0
O00410,2025-12-31,C0035,Electronics,Seoul,Web,4,147400.0,0.05,1,1.0,3.0
O00411,2025-10-03,C0106,Home,Seoul,App,3,37100.0,0.0,0,6.0,2.0
O00412,2025-09-27,C0266,Fashion,Seoul,Web,1,33900.0,0.3,1,6.0,3.0
O00413,2025-02-07,C0207,Electronics,Incheon,App,2,141000.0,0.0,0,7.0,3.0
O00414,2025-12-08,C0147,Books,Daegu,Web,1,19200.0,0.1,0,5.0,4.0
O00415,2025-01-12,C0085,Electronics,Daejeon,Web,1,128000.0,0.0,0,7.0,3.0
O00416,2025-04-10,C0043,Electronics,Busan,Web,1,150700.0,0.3,0,3.0,5.0
O00417,2025-03-01,C0082,Food,Daegu,App,1,16400.0,0.05,0,2.0,4.0
O00418,2025-11-10,C0046,Books,Daegu,App,2,13500.0,0.0,0,2.0,
O00419,2025-03-24,C0057,Electronics,Seoul,Web,1,113500.0,0.0,0,2.0,3.0
O00420,2025-12-11,C0207,Food,Busan,App,1,17800.0,0.1,0,6.0,4.0
O00421,2025-09-29,C0040,Home,Busan,App,1,41600.0,0.3,0,1.0,3.0
O00422,2025-01-15,C0015,Books,Daejeon,Web,4,20700.0,0.3,0,7.0,4.0
O00423,2025-01-03,C0163,Electronics,Daejeon,App,2,144600.0,0.0,0,6.0,2.0
O00424,2025-01-22,C0086,Books,Daejeon,App,3,13100.0,0.05,1,3.0,4.0
O00425,2025-09-08,C0137,Food,Incheon,Web,1,17200.0,0.0,0,5.0,4.0
O00426,2025-11-16,C0042,Books,Incheon,App,2,13000.0,0.05,0,1.0,5.0
O00427,2025-04-09,C0063,Fashion,Busan,Web,3,53100.0,0.1,0,4.0,3.0
O00428,2025-11-27,C0133,Books,Daegu,App,1,14000.0,0.0,0,1.0,4.0
O00429,2025-01-24,C0208,Food,Seoul,App,1,19200.0,0.1,1,1.0,4.0
O00430,2025-11-16,C0125,Electronics,Busan,App,1,150500.0,0.2,0,1.0,3.0
O00431,2025-12-15,C0163,Books,Seoul,App,1,18700.0,0.0,0,6.0,4.0
O00432,2025-11-09,C0157,Food,Incheon,App,1,16400.0,0.0,0,6.0,4.0
O00433,2025-10-16,C0081,Fashion,Busan,App,1,42000.0,0.0,1,7.0,4.0
O00434,2025-11-24,C0084,Home,Seoul,Web,1,40500.0,0.0,0,7.0,4.0
O00435,2025-01-17,C0128,Fashion,Busan,Web,2,48800.0,0.0,0,7.0,3.0
O00436,2025-03-25,C0010,Home,Daejeon,App,1,26900.0,0.1,0,7.0,3.0
O00437,2025-02-21,C0206,Books,Incheon,Web,1,21000.0,0.0,1,1.0,4.0
O00438,2025-07-28,C0185,Books,Daejeon,Web,2,16900.0,0.1,0,6.0,3.0
O00439,2025-11-03,C0092,Fashion,Daejeon,Web,1,46400.0,0.2,0,6.0,2.0
O00440,2025-09-18,C0113,Books,Daejeon,App,1,13400.0,0.2,0,2.0,4.0
O00441,2025-11-27,C0099,Home,Busan,Web,1,33700.0,0.1,0,1.0,5.0
O00442,2025-03-06,C0196,Food,Daejeon,Web,1,16800.0,0.0,1,7.0,3.0
O00443,2025-10-31,C0228,Food,Daejeon,Web,1,16000.0,0.0,1,7.0,5.0
O00444,2025-03-21,C0033,Home,Daejeon,Web,1,38400.0,0.0,0,3.0,3.0
O00445,2025-04-23,C0124,Home,Busan,App,1,35800.0,0.3,1,1.0,5.0
O00446,2025-10-21,C0005,Home,Busan,Web,5,46300.0,0.3,0,3.0,3.0
O00447,2025-12-27,C0136,Books,Incheon,App,3,21700.0,0.05,0,1.0,4.0
O00448,2025-09-11,C0075,Fashion,Daejeon,App,1,38400.0,0.0,0,5.0,3.0
O00449,2025-01-23,C0101,Fashion,Daejeon,Web,1,34700.0,0.05,0,3.0,5.0
O00450,2025-09-13,C0137,Fashion,Incheon,App,1,56200.0,0.0,0,1.0,4.0
O00451,2025-01-18,C0098,Electronics,Seoul,App,3,167600.0,0.3,0,7.0,3.0
O00452,2025-12-05,C0119,Fashion,Incheon,App,3,58700.0,0.0,0,6.0,3.0
O00453,2025-10-21,C0230,Electronics,Daegu,Web,1,86000.0,0.05,0,7.0,2.0
O00454,2025-03-13,C0244,Electronics,Incheon,Web,1,105100.0,0.05,0,7.0,3.0
O00455,2025-02-07,C0002,Food,Busan,App,1,13100.0,0.0,0,1.0,4.0
O00456,2025-03-17,C0114,Electronics,Busan,App,3,152900.0,0.05,0,6.0,4.0
O00457,2025-12-27,C0255,Home,Seoul,App,3,38700.0,0.2,0,6.0,4.0
O00458,2025-07-09,C0160,Food,Busan,App,1,19100.0,0.0,0,6.0,3.0
O00459,2025-11-12,C0062,Food,Daegu,Web,2,19600.0,0.1,0,2.0,4.0
O00460,2025-09-21,C0179,Home,Busan,App,1,30700.0,0.05,0,3.0,3.0
O00461,2025-08-25,C0044,Electronics,Daejeon,App,2,134500.0,0.0,0,7.0,4.0
O00462,2025-03-02,C0007,Books,Seoul,App,3,11500.0,0.0,0,1.0,4.0
O00463,2025-12-19,C0190,Books,Incheon,Web,1,18400.0,0.0,0,,4.0
O00464,2025-05-05,C0155,Food,Incheon,Web,1,21900.0,0.0,1,6.0,5.0
O00465,2025-08-28,C0227,Electronics,Daejeon,App,2,140500.0,0.05,0,6.0,3.0
O00466,2025-10-17,C0104,Electronics,Daejeon,App,1,111900.0,0.2,1,5.0,3.0
O00467,2025-09-26,C0257,Fashion,Incheon,App,3,57500.0,0.1,1,6.0,3.0
O00468,2025-12-18,C0127,Electronics,Daegu,Web,1,144100.0,0.2,0,7.0,4.0
O00469,2025-03-03,C0222,Books,Daegu,Web,3,12600.0,0.05,0,6.0,3.0
O00470,2025-07-30,C0031,Fashion,Incheon,App,1,37600.0,0.1,0,1.0,4.0
O00471,2025-06-17,C0030,Fashion,Seoul,App,1,51600.0,0.1,0,2.0,5.0
O00472,2025-07-16,C0235,Books,Incheon,App,1,14400.0,0.0,0,3.0,5.0
O00473,2025-02-19,C0251,Books,Busan,App,1,12500.0,0.0,1,3.0,4.0
O00474,2025-02-25,C0283,Fashion,Incheon,App,1,36400.0,0.05,0,3.0,3.0
O00475,2025-04-26,C0098,Fashion,Daegu,App,2,36700.0,0.1,0,2.0,5.0
O00476,2025-05-07,C0007,Home,Busan,App,1,36200.0,0.05,0,5.0,3.0
O00477,2025-06-27,C0294,Food,Busan,App,1,20300.0,0.0,0,1.0,
O00478,2025-09-10,C0181,Books,Daejeon,App,1,13200.0,0.3,0,6.0,4.0
O00479,2025-09-20,C0075,Books,Busan,App,1,19200.0,0.0,1,,2.0
O00480,2025-06-20,C0230,Books,Seoul,App,3,14300.0,0.3,0,7.0,3.0
O00481,2025-06-19,C0272,Electronics,Daegu,App,4,110200.0,0.2,0,1.0,5.0
O00482,2025-04-01,C0086,Fashion,Daegu,App,1,38500.0,0.2,0,3.0,5.0
O00483,2025-09-01,C0231,Home,Daejeon,App,2,43700.0,0.1,0,7.0,3.0
O00484,2025-05-12,C0237,Electronics,Daegu,App,2,164600.0,0.0,0,4.0,2.0
O00485,2025-01-15,C0151,Fashion,Daejeon,App,5,47000.0,0.1,0,4.0,5.0
O00486,2025-06-23,C0190,Electronics,Incheon,App,1,87500.0,0.1,0,1.0,5.0
O00487,2025-07-16,C0081,Books,Busan,App,1,14100.0,0.1,0,6.0,3.0
O00488,2025-04-04,C0279,Electronics,Daejeon,App,1,97300.0,0.0,0,2.0,4.0
O00489,2025-08-25,C0295,Electronics,Busan,Web,3,154800.0,0.0,0,7.0,3.0
O00490,2025-08-23,C0295,Electronics,Busan,App,2,91100.0,0.0,0,3.0,5.0
O00491,2025-10-18,C0222,Electronics,Daejeon,App,1,165200.0,0.05,0,2.0,
O00492,2025-09-26,C0013,Home,Daejeon,Web,1,38900.0,0.1,1,5.0,4.0
O00493,2025-09-27,C0110,Fashion,Busan,App,2,47800.0,0.2,0,4.0,3.0
O00494,2025-05-11,C0134,Books,Daegu,App,3,20700.0,0.1,0,4.0,3.0
O00495,2025-11-13,C0288,Fashion,Daejeon,Web,1,32400.0,0.1,0,7.0,2.0
O00496,2025-08-16,C0165,Home,Daegu,App,2,43500.0,0.0,0,3.0,4.0
O00497,2025-06-28,C0161,Food,Seoul,App,1,14100.0,0.05,0,3.0,5.0
O00498,2025-09-17,C0045,Food,Daegu,App,1,23200.0,0.0,0,5.0,5.0
O00499,2025-05-30,C0239,Food,Seoul,Web,2,19300.0,0.0,0,2.0,5.0
O00500,2025-08-01,C0101,Fashion,Daejeon,App,2,33400.0,0.0,0,6.0,3.0
O00501,2025-11-01,C0028,Home,Seoul,App,4,44900.0,0.0,0,2.0,4.0
O00502,2025-12-05,C0297,Books,Daejeon,App,1,11500.0,0.0,0,2.0,5.0
O00503,2025-12-13,C0058,Books,Seoul,Web,1,12700.0,0.1,0,1.0,3.0
O00504,2025-07-28,C0005,Food,Incheon,App,1,22700.0,0.0,0,3.0,4.0
O00505,2025-08-04,C0024,Food,Busan,App,1,18500.0,0.0,0,5.0,5.0
O00506,2025-11-15,C0136,Books,Daejeon,App,1,21100.0,0.0,0,5.0,3.0
O00507,2025-05-11,C0031,Food,Busan,App,1,20600.0,0.1,0,7.0,3.0
O00508,2025-11-24,C0253,Books,Daegu,App,1,18200.0,0.1,0,6.0,4.0
O00509,2025-07-24,C0154,Electronics,Seoul,App,1,108500.0,0.0,0,3.0,4.0
O00510,2025-02-17,C0098,Fashion,Incheon,Web,1,35700.0,0.0,1,6.0,3.0
O00511,2025-01-30,C0001,Electronics,Daejeon,App,3,164700.0,0.3,0,2.0,5.0
O00512,2025-11-25,C0144,Electronics,Daejeon,App,1,92800.0,0.1,0,2.0,5.0
O00513,2025-01-23,C0046,Home,Busan,App,2,37500.0,0.1,0,3.0,5.0
O00514,2025-04-27,C0294,Fashion,Busan,App,3,40100.0,0.05,0,4.0,4.0
O00515,2025-05-19,C0088,Home,Incheon,App,2,31000.0,0.2,0,2.0,4.0
O00516,2025-03-13,C0143,Home,Incheon,App,1,39100.0,0.2,0,,4.0
O00517,2025-05-10,C0006,Food,Incheon,App,1,22700.0,0.05,0,2.0,4.0
O00518,2025-11-02,C0040,Books,Seoul,Web,2,19900.0,0.1,0,3.0,3.0
O00519,2025-01-07,C0063,Books,Daegu,App,1,20900.0,0.0,0,5.0,4.0
O00520,2025-11-22,C0016,Fashion,Busan,App,1,40700.0,0.1,0,4.0,5.0
O00521,2025-11-29,C0218,Fashion,Busan,App,1,46200.0,0.05,0,3.0,5.0
O00522,2025-06-04,C0284,Food,Daejeon,App,2,12700.0,0.0,0,,3.0
O00523,2025-03-05,C0296,Electronics,Daegu,Web,1,146700.0,0.3,0,4.0,3.0
O00524,2025-09-06,C0080,Home,Busan,Web,2,31900.0,0.2,1,1.0,5.0
O00525,2025-02-19,C0237,Home,Daejeon,App,1,38300.0,0.0,0,6.0,4.0
O00526,2025-06-01,C0152,Electronics,Busan,App,1,98200.0,0.3,0,5.0,3.0
O00527,2025-12-22,C0014,Food,Incheon,Web,3,22900.0,0.0,0,2.0,4.0
O00528,2025-12-30,C0028,Fashion,Busan,Web,1,57200.0,0.05,0,6.0,3.0
O00529,2025-11-09,C0165,Electronics,Seoul,App,2,157700.0,0.2,0,3.0,4.0
O00530,2025-05-09,C0128,Food,Incheon,App,1,13200.0,0.0,0,2.0,5.0
O00531,2025-10-12,C0003,Electronics,Incheon,Web,1,167400.0,0.05,0,2.0,5.0
O00532,2025-10-19,C0280,Food,Daejeon,Web,3,15700.0,0.1,0,6.0,4.0
O00533,2025-06-10,C0220,Electronics,Busan,App,1,110000.0,0.0,0,2.0,4.0
O00534,2025-09-23,C0151,Home,Daejeon,Web,1,30600.0,0.05,0,4.0,3.0
O00535,2025-01-05,C0297,Books,Daegu,App,3,14200.0,0.0,0,6.0,4.0
O00536,2025-03-28,C0292,Fashion,Seoul,App,2,48900.0,0.1,0,6.0,3.0
O00537,2025-08-06,C0293,Food,Daegu,Web,2,15600.0,0.0,0,4.0,5.0
O00538,2025-03-09,C0078,Food,Incheon,App,1,17600.0,0.0,0,7.0,5.0
O00539,2025-03-10,C0265,Books,Busan,Web,1,18500.0,0.1,0,3.0,5.0
O00540,2025-11-24,C0152,Electronics,Incheon,Web,2,154200.0,0.0,0,7.0,2.0
O00541,2025-12-29,C0218,Food,Busan,App,1,21300.0,0.05,0,2.0,5.0
O00542,2025-08-19,C0258,Books,Daegu,App,1,17900.0,0.1,0,1.0,5.0
O00543,2025-11-25,C0049,Food,Incheon,App,2,14500.0,0.1,0,6.0,4.0
O00544,2025-12-29,C0135,Electronics,Incheon,Web,1,152600.0,0.0,0,6.0,3.0
O00545,2025-02-28,C0039,Books,Busan,Web,1,11600.0,0.2,0,7.0,4.0
O00546,2025-07-05,C0084,Electronics,Busan,App,1,106200.0,0.1,0,7.0,3.0
O00547,2025-06-12,C0125,Home,Incheon,App,1,25900.0,0.0,0,1.0,5.0
O00548,2025-02-03,C0257,Home,Incheon,App,2,40900.0,0.1,0,5.0,3.0
O00549,2025-11-05,C0259,Home,Busan,Web,3,33500.0,0.1,0,5.0,4.0
O00550,2025-06-29,C0117,Home,Incheon,App,1,40500.0,0.1,0,5.0,4.0
O00551,2025-07-14,C0099,Electronics,Busan,App,1,113200.0,0.1,0,1.0,5.0
O00552,2025-03-04,C0160,Home,Incheon,App,2,35700.0,0.1,0,1.0,5.0
O00553,2025-03-16,C0274,Books,Seoul,Web,1,16300.0,0.3,0,5.0,4.0
O00554,2025-12-10,C0293,Home,Incheon,App,1,25600.0,0.1,0,6.0,3.0
O00555,2025-01-19,C0069,Fashion,Daegu,Web,4,45100.0,0.2,0,2.0,5.0
O00556,2025-04-07,C0056,Books,Daejeon,App,2,18400.0,0.1,0,1.0,5.0
O00557,2025-05-01,C0213,Electronics,Daegu,App,1,129900.0,0.2,0,3.0,3.0
O00558,2025-07-22,C0091,Home,Daegu,App,5,26300.0,0.3,0,3.0,5.0
O00559,2025-08-31,C0060,Home,Seoul,App,1,40900.0,0.0,0,7.0,3.0
O00560,2025-07-24,C0010,Home,Busan,App,4,32100.0,0.0,0,7.0,2.0
O00561,2025-02-04,C0121,Books,Daegu,App,1,11400.0,0.1,0,,3.0
O00562,2025-04-11,C0118,Home,Daejeon,App,1,28300.0,0.05,0,7.0,3.0
O00563,2025-11-26,C0169,Books,Incheon,App,4,16800.0,0.1,0,2.0,4.0
O00564,2025-09-21,C0061,Electronics,Daejeon,Web,1,110100.0,0.1,0,7.0,2.0
O00565,2025-09-26,C0215,Food,Busan,App,1,21300.0,0.2,0,4.0,4.0
O00566,2025-10-05,C0205,Home,Seoul,App,1,30400.0,0.05,1,4.0,5.0
O00567,2025-11-07,C0139,Fashion,Seoul,App,2,55800.0,0.1,0,1.0,4.0
O00568,2025-01-25,C0055,Fashion,Incheon,App,2,40500.0,0.0,0,2.0,4.0
O00569,2025-06-01,C0153,Food,Daegu,App,1,20400.0,0.05,0,2.0,5.0
O00570,2025-08-12,C0203,Food,Busan,Web,2,22700.0,0.0,0,4.0,5.0
O00571,2025-05-21,C0112,Food,Daegu,App,2,17500.0,0.05,0,2.0,5.0
O00572,2025-11-26,C0080,Electronics,Daegu,Web,1,87900.0,0.05,0,1.0,3.0
O00573,2025-07-19,C0152,Home,Busan,Web,1,37600.0,0.1,0,5.0,
O00574,2025-11-08,C0107,Books,Busan,App,1,22300.0,0.1,0,7.0,4.0
O00575,2025-11-27,C0121,Electronics,Daegu,Web,1,165400.0,0.05,0,1.0,5.0
O00576,2025-07-28,C0105,Home,Daegu,Web,1,29900.0,0.0,0,4.0,3.0
O00577,2025-12-11,C0092,Home,Seoul,App,1,43000.0,0.0,0,7.0,2.0
O00578,2025-08-31,C0216,Books,Busan,Web,1,15100.0,0.3,0,3.0,4.0
O00579,2025-11-27,C0139,Fashion,Incheon,App,1,36500.0,0.2,0,2.0,4.0
O00580,2025-05-21,C0140,Home,Incheon,Web,2,40800.0,0.0,0,1.0,5.0
O00581,2025-07-26,C0196,Food,Seoul,App,1,18900.0,0.0,0,7.0,4.0
O00582,2025-08-08,C0109,Electronics,Daejeon,App,5,129300.0,0.05,0,3.0,4.0
O00583,2025-02-13,C0031,Books,Busan,App,3,20500.0,0.1,0,1.0,5.0
O00584,2025-06-14,C0256,Books,Busan,App,2,15000.0,0.05,0,7.0,4.0
O00585,2025-12-12,C0017,Food,Seoul,App,4,21000.0,0.0,0,6.0,
O00586,2025-09-19,C0172,Food,Daejeon,App,3,17200.0,0.05,0,5.0,3.0
O00587,2025-03-15,C0080,Food,Busan,Web,1,13100.0,0.0,1,1.0,5.0
O00588,2025-05-21,C0065,Food,Daejeon,App,2,17400.0,0.0,0,1.0,5.0
O00589,2025-03-21,C0013,Books,Incheon,App,1,21800.0,0.0,0,,5.0
O00590,2025-01-11,C0271,Home,Daejeon,Web,2,36300.0,0.1,0,2.0,4.0
O00591,2025-12-15,C0129,Home,Seoul,App,1,27200.0,0.05,0,4.0,2.0
O00592,2025-07-05,C0103,Food,Seoul,Web,1,21300.0,0.0,0,3.0,4.0
O00593,2025-05-08,C0223,Electronics,Daejeon,App,1,164900.0,0.1,0,6.0,3.0
O00594,2025-09-05,C0012,Books,Daejeon,Web,4,21400.0,0.05,0,1.0,5.0
O00595,2025-01-04,C0170,Food,Incheon,Web,1,19800.0,0.1,0,6.0,3.0
O00596,2025-04-26,C0149,Food,Seoul,App,1,17300.0,0.3,0,7.0,3.0
O00597,2025-10-18,C0167,Fashion,Daejeon,App,1,49800.0,0.0,0,1.0,4.0
O00598,2025-09-20,C0038,Fashion,Busan,App,1,57200.0,0.2,0,5.0,3.0
O00599,2025-12-27,C0286,Home,Daejeon,App,3,45600.0,0.1,1,4.0,5.0
O00600,2025-09-14,C0072,Food,Daejeon,App,2,22900.0,0.1,0,1.0,4.0
O00601,2025-07-17,C0204,Food,Daejeon,Web,1,18300.0,0.05,0,3.0,4.0
O00602,2025-11-07,C0225,Food,Daegu,Web,1,14100.0,0.0,0,6.0,4.0
O00603,2025-12-09,C0104,Books,Daegu,App,1,17600.0,0.0,0,7.0,4.0
O00604,2025-10-26,C0040,Books,Incheon,Web,1,13000.0,0.3,0,3.0,5.0
O00605,2025-12-23,C0090,Food,Seoul,App,3,13400.0,0.1,1,1.0,5.0
O00606,2025-11-11,C0243,Fashion,Busan,Web,2,47200.0,0.05,0,2.0,5.0
O00607,2025-12-01,C0272,Home,Daegu,Web,1,40600.0,0.05,0,6.0,5.0
O00608,2025-02-17,C0282,Home,Daejeon,Web,2,45400.0,0.0,0,4.0,4.0
O00609,2025-10-31,C0068,Food,Incheon,Web,1,22500.0,0.0,0,4.0,3.0
O00610,2025-07-02,C0182,Books,Daegu,Web,2,20800.0,0.1,0,1.0,4.0
O00611,2025-08-17,C0046,Fashion,Seoul,App,1,55400.0,0.05,0,6.0,4.0
O00612,2025-09-28,C0214,Home,,Web,2,41700.0,0.1,0,4.0,3.0
O00613,2025-12-25,C0125,Electronics,Incheon,App,1,84900.0,0.1,0,4.0,5.0
O00614,2025-12-28,C0215,Food,Daejeon,App,4,20500.0,0.1,0,6.0,3.0
O00615,2025-04-30,C0206,Home,Busan,App,1,27500.0,0.2,0,4.0,
O00616,2025-10-31,C0298,Home,,App,1,25900.0,0.0,0,7.0,4.0
O00617,2025-11-04,C0147,Home,Busan,Web,1,28300.0,0.1,1,4.0,4.0
O00618,2025-05-24,C0103,Fashion,Seoul,Web,1,57400.0,0.1,0,3.0,4.0
O00619,2025-02-21,C0159,Home,Incheon,Web,2,42700.0,0.0,0,7.0,4.0
O00620,2025-01-17,C0049,Food,Daegu,App,2,24600.0,0.0,0,5.0,3.0
O00621,2025-11-10,C0034,Fashion,Daejeon,App,2,62300.0,0.0,0,6.0,3.0
O00622,2025-07-22,C0156,Electronics,Daejeon,Web,1,159000.0,0.0,0,2.0,5.0
O00623,2025-12-28,C0248,Fashion,Seoul,App,2,35700.0,0.05,0,5.0,4.0
O00624,2025-07-12,C0160,Electronics,Busan,App,2,157800.0,0.0,1,4.0,5.0
O00625,2025-12-26,C0235,Fashion,Busan,App,1,57900.0,0.1,0,1.0,3.0
O00626,2025-06-20,C0054,Food,Busan,App,1,23600.0,0.0,0,2.0,3.0
O00627,2025-11-14,C0135,Electronics,Daejeon,App,1,96700.0,0.0,0,7.0,4.0
O00628,2025-02-05,C0184,Food,,App,1,14100.0,0.0,0,4.0,5.0
O00629,2025-08-18,C0105,Fashion,Seoul,App,2,60600.0,0.0,1,6.0,3.0
O00630,2025-11-16,C0005,Books,Daejeon,Web,3,13100.0,0.3,0,2.0,5.0
O00631,2025-12-14,C0023,Food,Daejeon,Web,2,17200.0,0.0,0,2.0,5.0
O00632,2025-11-21,C0279,Fashion,Busan,App,1,45900.0,0.0,0,7.0,3.0
O00633,2025-01-16,C0182,Home,Busan,App,2,27500.0,0.0,0,3.0,4.0
O00634,2025-06-04,C0080,Electronics,Incheon,App,2,85700.0,0.05,0,7.0,3.0
O00635,2025-01-21,C0078,Electronics,Incheon,App,1,167500.0,0.1,0,6.0,4.0
O00636,2025-02-15,C0012,Books,Daejeon,Web,3,21000.0,0.1,0,3.0,3.0
O00637,2025-10-07,C0284,Books,Incheon,App,1,21400.0,0.05,0,7.0,3.0
O00638,2025-10-23,C0033,Electronics,Seoul,Web,1,107900.0,0.1,0,6.0,3.0
O00639,2025-11-09,C0228,Fashion,Incheon,App,1,38400.0,0.05,1,1.0,5.0
O00640,2025-12-01,C0073,Electronics,Incheon,App,1,119800.0,0.2,0,,5.0
O00641,2025-11-02,C0101,Fashion,Incheon,Web,3,45800.0,0.1,0,1.0,4.0
O00642,2025-11-16,C0083,Fashion,Incheon,Web,1,31700.0,0.0,0,6.0,4.0
O00643,2025-01-21,C0248,Fashion,Daejeon,App,1,56000.0,0.1,0,2.0,4.0
O00644,2025-04-08,C0010,Home,Daejeon,Web,1,48900.0,0.2,0,2.0,4.0
O00645,2025-09-15,C0106,Electronics,Busan,Web,1,128400.0,0.05,0,4.0,3.0
O00646,2025-11-29,C0084,Books,Busan,App,1,15500.0,0.3,0,1.0,4.0
O00647,2025-01-02,C0082,Food,Daegu,Web,1,17500.0,0.2,0,3.0,5.0
O00648,2025-08-01,C0058,Food,Incheon,Web,2,13800.0,0.0,0,,4.0
O00649,2025-10-08,C0274,Electronics,Incheon,Web,1,106400.0,0.1,0,7.0,4.0
O00650,2025-01-13,C0114,Food,Seoul,App,2,18900.0,0.1,0,4.0,4.0
O00651,2025-06-16,C0126,Books,Busan,Web,1,16000.0,0.05,1,6.0,5.0
O00652,2025-12-08,C0116,Electronics,Daegu,Web,-1,129800.0,0.05,0,4.0,3.0
O00653,2025-10-05,C0295,Food,Daejeon,Web,3,23300.0,0.2,0,4.0,3.0
O00654,2025-04-09,C0102,Fashion,Daegu,Web,1,38600.0,0.1,1,4.0,3.0
O00655,2025-11-28,C0103,Food,Busan,Web,1,12900.0,0.05,0,7.0,3.0
O00656,2025-05-25,C0099,Home,Seoul,Web,-1,25400.0,0.0,0,1.0,4.0
O00657,2025-11-28,C0099,Books,Seoul,Web,1,12700.0,0.05,1,4.0,4.0
O00658,2025-05-04,C0027,Electronics,Busan,App,2,131900.0,0.2,0,1.0,5.0
O00659,2025-09-02,C0182,Fashion,Incheon,App,1,57000.0,0.1,0,7.0,
O00660,2025-06-14,C0008,Fashion,Daejeon,Web,1,59400.0,0.0,0,5.0,4.0
O00661,2025-04-24,C0068,Fashion,Daejeon,Web,1,51500.0,0.2,0,1.0,5.0
O00662,2025-12-05,C0061,Fashion,Seoul,App,3,44200.0,0.2,0,5.0,3.0
O00663,2025-03-19,C0088,Fashion,Daegu,App,1,36400.0,0.05,0,4.0,3.0
O00664,2025-02-05,C0227,Electronics,Busan,App,2,117700.0,0.0,0,1.0,5.0
O00665,2025-05-22,C0180,Food,Seoul,Web,-1,16800.0,0.1,0,7.0,2.0
O00666,2025-10-24,C0298,Home,Incheon,App,1,45800.0,0.0,0,3.0,4.0
O00667,2025-11-17,C0106,Books,Seoul,Web,1,16700.0,0.0,0,1.0,5.0
O00668,2025-12-31,C0279,Food,Busan,Web,1,15500.0,0.1,0,5.0,4.0
O00669,2025-05-03,C0014,Electronics,Incheon,Web,1,108300.0,0.2,0,3.0,4.0
O00670,2025-06-18,C0152,Electronics,Busan,App,2,95500.0,0.05,0,5.0,3.0
O00671,2025-02-26,C0240,Home,Incheon,Web,1,47000.0,0.2,0,2.0,4.0
O00672,2025-08-26,C0160,Home,Incheon,App,1,25700.0,0.2,0,6.0,
O00673,2025-12-31,C0280,Fashion,Daegu,Web,2,31900.0,0.0,0,3.0,4.0
O00674,2025-10-18,C0095,Food,Seoul,Web,2,14900.0,0.0,0,3.0,4.0
O00675,2025-09-04,C0010,Home,Seoul,App,1,44400.0,0.1,0,6.0,3.0
O00676,2025-06-12,C0233,Food,Incheon,App,2,19200.0,0.1,0,4.0,3.0
O00677,2025-12-12,C0021,Electronics,Busan,Web,1,136600.0,0.05,0,1.0,5.0
O00678,2025-07-25,C0230,Books,Daegu,App,2,15200.0,0.1,0,5.0,4.0
O00679,2025-02-25,C0221,Fashion,Seoul,Web,1,33700.0,0.1,0,5.0,3.0
O00680,2025-06-01,C0254,Home,Incheon,Web,1,45500.0,0.1,0,3.0,2.0
O00681,2025-01-28,C0144,Home,Daejeon,App,1,29200.0,0.1,0,2.0,5.0
O00682,2025-03-25,C0269,Books,Seoul,Web,2,11600.0,0.0,0,1.0,4.0
O00683,2025-01-08,C0051,Fashion,Busan,App,2,49500.0,0.0,0,6.0,4.0
O00684,2025-07-07,C0131,Fashion,Daejeon,App,1,34100.0,0.0,0,1.0,4.0
O00685,2025-09-20,C0037,Fashion,Incheon,Web,3,34500.0,0.2,0,5.0,3.0
O00686,2025-05-23,C0231,Fashion,,Web,3,56700.0,0.2,0,6.0,4.0
O00687,2025-06-23,C0215,Electronics,Busan,Web,1,125300.0,0.1,1,3.0,5.0
O00688,2025-12-22,C0242,Electronics,Daegu,App,2,104300.0,0.0,0,2.0,5.0
O00689,2025-11-04,C0230,Fashion,Daejeon,App,1,42500.0,0.1,0,6.0,4.0
O00690,2025-08-12,C0093,Home,Busan,Web,5,42400.0,0.0,0,5.0,4.0
O00691,2025-04-28,C0021,Fashion,Incheon,Web,1,33600.0,0.05,0,1.0,3.0
O00692,2025-12-08,C0279,Fashion,Daegu,App,1,35200.0,0.0,1,5.0,3.0
O00693,2025-04-08,C0148,Food,Seoul,Web,1,20400.0,0.2,0,1.0,3.0
O00694,2025-05-15,C0029,Fashion,Busan,App,1,50600.0,0.0,0,3.0,5.0
O00695,2025-12-11,C0279,Books,Daegu,App,2,22100.0,0.1,0,3.0,5.0
O00696,2025-08-08,C0299,Food,Seoul,App,1,17300.0,0.3,0,6.0,4.0
O00697,2025-11-02,C0134,Electronics,Daegu,Web,1,89500.0,0.1,0,7.0,3.0
O00698,2025-09-02,C0232,Fashion,Incheon,Web,1,48400.0,0.0,0,5.0,3.0
O00699,2025-09-28,C0011,Electronics,Daejeon,Web,3,137600.0,0.2,0,6.0,3.0
O00700,2025-05-04,C0028,Fashion,Seoul,App,3,35900.0,0.1,0,1.0,5.0
O00701,2025-04-10,C0083,Fashion,Daejeon,App,1,48900.0,0.05,0,1.0,5.0
O00702,2025-05-14,C0197,Electronics,Busan,Web,1,100600.0,0.1,0,6.0,
O00703,2025-03-06,C0041,Electronics,Seoul,App,1,155000.0,0.2,0,3.0,3.0
O00704,2025-12-03,C0011,Home,Daegu,App,3,45000.0,0.05,0,4.0,5.0
O00705,2025-04-28,C0201,Food,Incheon,Web,2,18000.0,0.05,0,5.0,4.0
O00706,2025-08-21,C0232,Fashion,Daejeon,Web,2,62000.0,0.05,0,3.0,3.0
O00707,2025-11-14,C0222,Books,Seoul,Web,3,22200.0,0.0,0,5.0,3.0
O00708,2025-11-12,C0240,Fashion,Seoul,App,1,35600.0,0.1,0,6.0,2.0
O00709,2025-07-01,C0241,Books,Incheon,App,2,15300.0,0.0,1,2.0,4.0
O00710,2025-07-17,C0181,Fashion,Daejeon,App,1,50400.0,0.05,0,5.0,4.0
O00711,2025-12-30,C0156,Home,Incheon,App,1,26600.0,0.05,0,2.0,4.0
O00712,2025-10-07,C0258,Food,Daegu,App,1,17400.0,0.0,0,3.0,5.0
O00713,2025-11-19,C0105,Electronics,Daejeon,App,1,105900.0,0.05,0,6.0,4.0
O00714,2025-12-09,C0030,Books,Daejeon,App,4,21900.0,0.1,1,7.0,4.0
O00715,2025-11-13,C0226,Fashion,Incheon,App,1,44500.0,0.0,0,1.0,4.0
O00716,2025-03-18,C0083,Home,Daegu,App,3,43200.0,0.0,0,5.0,5.0
O00717,2025-08-21,C0294,Food,Incheon,App,2,17500.0,0.2,1,,4.0
O00718,2025-02-12,C0125,Food,Daegu,App,2,14300.0,0.3,0,5.0,3.0
O00719,2025-09-28,C0256,Electronics,Incheon,App,4,156500.0,0.05,0,,3.0
O00720,2025-12-21,C0013,Books,Incheon,App,1,11200.0,0.0,0,1.0,5.0
O00721,2025-08-01,C0198,Food,Incheon,App,1,13300.0,0.0,0,6.0,2.0
O00722,2025-06-29,C0135,Books,Daegu,App,1,15300.0,0.0,0,2.0,5.0
O00723,2025-01-15,C0139,Home,Daegu,App,1,41300.0,0.05,1,2.0,3.0
O00724,2025-12-22,C0080,Food,Daejeon,App,3,16900.0,0.2,0,4.0,4.0
O00725,2025-02-12,C0292,Home,Daegu,App,1,26100.0,0.1,0,1.0,4.0
O00726,2025-01-17,C0118,Books,Seoul,App,1,14800.0,0.0,0,5.0,3.0
O00727,2025-04-12,C0256,Books,Incheon,App,1,13900.0,0.3,0,4.0,4.0
O00728,2025-01-28,C0128,Books,Busan,Web,1,11300.0,0.05,0,4.0,5.0
O00729,2025-07-08,C0015,Home,Seoul,App,2,37600.0,0.0,0,1.0,4.0
O00730,2025-08-02,C0264,Food,Seoul,App,1,14100.0,0.05,0,6.0,3.0
O00731,2025-05-10,C0056,Fashion,Incheon,App,2,40600.0,0.0,0,1.0,4.0
O00732,2025-01-22,C0082,Home,Daejeon,App,2,40200.0,0.2,0,2.0,4.0
O00733,2025-02-16,C0259,Food,Incheon,App,2,21700.0,0.05,0,3.0,4.0
O00734,2025-06-09,C0269,Electronics,Incheon,App,1,106100.0,0.1,1,5.0,4.0
O00735,2025-01-26,C0276,Food,Seoul,Web,2,16700.0,0.05,0,3.0,4.0
O00736,2025-10-16,C0128,Electronics,Daegu,App,1,104700.0,0.2,0,6.0,5.0
O00737,2025-03-27,C0228,Home,Seoul,Web,1,47900.0,0.1,0,7.0,4.0
O00738,2025-05-05,C0099,Home,Daejeon,App,2,29200.0,0.05,1,6.0,3.0
O00739,2025-06-13,C0223,Home,Daejeon,App,2,29000.0,0.0,0,1.0,4.0
O00740,2025-06-22,C0151,Home,Daejeon,App,1,35400.0,0.2,0,6.0,3.0
O00741,2025-01-01,C0016,Home,Busan,Web,3,29100.0,0.05,0,2.0,5.0
O00742,2025-02-16,C0126,Home,Seoul,Web,1,28300.0,0.0,0,7.0,2.0
O00743,2025-11-30,C0141,Home,Busan,App,2,26800.0,0.2,0,7.0,2.0
O00744,2025-01-01,C0078,Home,Daegu,App,5,40200.0,0.0,1,1.0,4.0
O00745,2025-07-30,C0113,Food,Busan,Web,2,20300.0,0.0,0,1.0,5.0
O00746,2025-07-22,C0151,Home,Daejeon,App,3,40400.0,0.05,0,5.0,5.0
O00747,2025-05-18,C0015,Food,Seoul,Web,2,22300.0,0.0,0,2.0,5.0
O00748,2025-06-28,C0046,Books,Seoul,App,2,14900.0,0.05,0,7.0,
O00749,2025-11-11,C0231,Books,Busan,Web,2,21500.0,0.0,0,4.0,4.0
O00750,2025-11-25,C0106,Electronics,Daegu,Web,2,145600.0,0.0,0,5.0,4.0
O00751,2025-04-18,C0183,Food,,Web,1,22700.0,0.0,0,7.0,2.0
O00752,2025-05-14,C0170,Fashion,Busan,App,2,54200.0,0.0,0,2.0,3.0
O00753,2025-04-11,C0166,Electronics,Daegu,App,1,114100.0,0.3,0,4.0,
O00754,2025-07-18,C0125,Food,Daegu,App,5,16200.0,0.1,0,7.0,2.0
O00755,2025-10-10,C0145,Electronics,Incheon,App,1,119500.0,0.05,0,1.0,5.0
O00756,2025-04-05,C0248,Books,,Web,1,12300.0,0.05,0,2.0,5.0
O00757,2025-05-17,C0290,Food,Seoul,Web,3,18300.0,0.1,0,2.0,5.0
O00758,2025-12-15,C0078,Books,Busan,Web,1,11700.0,0.0,0,3.0,5.0
O00759,2025-01-21,C0201,Food,Incheon,App,1,12600.0,0.0,0,1.0,5.0
O00760,2025-07-10,C0291,Books,Seoul,Web,2,21600.0,0.1,0,2.0,5.0
O00761,2025-10-22,C0003,Electronics,Incheon,App,1,141900.0,0.05,0,6.0,3.0
O00762,2025-03-04,C0236,Books,Seoul,Web,1,17500.0,0.1,0,4.0,4.0
O00763,2025-01-20,C0150,Electronics,Daegu,Web,1,112700.0,0.2,0,3.0,4.0
O00764,2025-02-27,C0291,Fashion,Seoul,Web,1,49500.0,0.2,0,3.0,4.0
O00765,2025-12-13,C0174,Electronics,Seoul,Web,1,158900.0,0.0,0,7.0,5.0
O00766,2025-01-04,C0252,Home,Daegu,App,1,40500.0,0.0,0,4.0,4.0
O00767,2025-03-19,C0050,Food,Busan,App,1,20200.0,0.0,0,4.0,4.0
O00768,2025-01-13,C0043,Fashion,Busan,Web,1,46000.0,0.1,0,7.0,
O00769,2025-02-15,C0278,Books,Busan,App,1,15100.0,0.2,0,1.0,5.0
O00770,2025-09-14,C0158,Food,Busan,App,2,21400.0,0.2,0,4.0,5.0
O00771,2025-04-10,C0168,Food,Daegu,App,2,25000.0,0.0,0,6.0,4.0
O00772,2025-08-24,C0051,Books,Daegu,App,1,16000.0,0.2,1,4.0,4.0
O00773,2025-09-02,C0069,Home,Busan,App,1,34100.0,0.05,0,7.0,4.0
O00774,2025-11-27,C0246,Fashion,Daegu,App,3,45000.0,0.2,0,7.0,4.0
O00775,2025-01-02,C0091,Books,Daegu,App,2,16000.0,0.05,1,3.0,4.0
O00776,2025-11-28,C0176,Home,Incheon,App,1,48800.0,0.0,0,6.0,3.0
O00777,2025-09-14,C0095,Food,Incheon,App,1,21500.0,0.0,0,2.0,5.0
O00778,2025-03-09,C0080,Fashion,Daejeon,Web,1,42800.0,0.3,0,2.0,4.0
O00779,2025-11-09,C0050,Fashion,Incheon,App,3,43200.0,0.05,0,7.0,3.0
O00780,2025-11-28,C0279,Electronics,Busan,App,3,120200.0,0.05,0,1.0,5.0
O00781,2025-04-16,C0283,Fashion,Incheon,Web,3,32700.0,0.05,0,3.0,
O00782,2025-12-13,C0035,Electronics,Daejeon,App,1,128300.0,0.05,0,5.0,4.0
O00783,2025-07-08,C0106,Food,Daegu,App,1,22800.0,0.2,0,3.0,3.0
O00784,2025-09-07,C0170,Electronics,Seoul,Web,1,139500.0,0.0,0,6.0,3.0
O00785,2025-12-28,C0115,Food,Incheon,App,1,15100.0,0.0,0,2.0,4.0
O00786,2025-05-30,C0217,Books,Daegu,App,1,19400.0,0.1,0,4.0,4.0
O00787,2025-11-19,C0079,Food,Busan,App,2,21700.0,0.05,0,1.0,4.0
O00788,2025-05-12,C0018,Home,Daejeon,Web,1,30900.0,0.0,0,2.0,4.0
O00789,2025-11-15,C0102,Electronics,Daejeon,Web,3,136300.0,0.0,0,2.0,4.0
O00790,2025-09-06,C0180,Books,Daejeon,App,1,18000.0,0.0,0,6.0,3.0
O00791,2025-03-31,C0055,Electronics,Seoul,Web,1,154500.0,0.0,0,2.0,4.0
O00792,2025-06-21,C0245,Food,Incheon,Web,3,14300.0,0.0,0,5.0,5.0
O00793,2025-05-12,C0004,Food,Incheon,Web,2,15100.0,0.0,0,3.0,3.0
O00794,2025-02-02,C0021,Electronics,Daegu,Web,1,124800.0,0.1,0,4.0,4.0
O00795,2025-01-13,C0153,Food,Daejeon,App,2,13200.0,0.2,0,7.0,3.0
O00796,2025-05-24,C0154,Electronics,Busan,App,1,118900.0,0.2,0,7.0,4.0
O00797,2025-01-08,C0089,Fashion,Incheon,App,1,56300.0,0.05,0,1.0,4.0
O00798,2025-03-10,C0078,Books,Daegu,App,1,12900.0,0.0,0,6.0,3.0
O00799,2025-10-28,C0021,Books,Daegu,App,1,16400.0,0.3,0,7.0,3.0
O00800,2025-10-21,C0199,Fashion,Daegu,Web,2,62700.0,0.1,0,5.0,5.0
O00801,2025-11-01,C0114,Books,Busan,Web,1,16900.0,0.05,0,2.0,5.0
O00802,2025-05-12,C0036,Books,Daejeon,Web,2,16800.0,0.0,0,5.0,3.0
O00803,2025-12-06,C0120,Food,Seoul,Web,2,19600.0,0.0,0,5.0,3.0
O00804,2025-09-03,C0282,Electronics,Incheon,Web,1,99600.0,0.05,1,5.0,4.0
O00805,2025-02-22,C0079,Fashion,Daegu,Web,1,36100.0,0.05,0,4.0,3.0
O00806,2025-03-01,C0269,Food,Seoul,Web,1,21100.0,0.0,0,4.0,4.0
O00807,2025-10-14,C0078,Books,Incheon,App,2,15600.0,0.3,0,5.0,4.0
O00808,2025-03-13,C0056,Books,Incheon,App,2,14400.0,0.1,0,4.0,4.0
O00809,2025-07-29,C0079,Home,Daegu,App,2,25300.0,0.1,0,6.0,5.0
O00810,2025-12-30,C0097,Fashion,Seoul,App,1,58200.0,0.0,0,5.0,3.0
O00811,2025-01-02,C0037,Books,Busan,App,1,11600.0,0.1,0,3.0,5.0
O00812,2025-01-07,C0177,Fashion,Busan,Web,2,55100.0,0.1,0,5.0,3.0
O00813,2025-12-30,C0101,Fashion,Daegu,App,1,43500.0,0.0,0,6.0,4.0
O00814,2025-08-30,C0216,Books,Busan,Web,2,17900.0,0.1,0,4.0,5.0
O00815,2025-02-22,C0148,Home,Incheon,App,1,30600.0,0.1,0,6.0,3.0
O00816,2025-12-08,C0133,Fashion,Daegu,Web,1,36400.0,0.2,0,1.0,5.0
O00817,2025-12-04,C0142,Electronics,Daegu,App,1,128800.0,0.0,0,3.0,4.0
O00818,2025-08-10,C0047,Home,Seoul,Web,1,41500.0,0.2,0,5.0,3.0
O00819,2025-09-15,C0214,Books,Daejeon,App,2,13400.0,0.05,0,7.0,4.0
O00820,2025-04-24,C0032,Home,Seoul,App,1,35200.0,0.0,0,5.0,3.0
O00821,2025-01-21,C0217,Food,Seoul,App,3,18200.0,0.0,1,5.0,2.0
O00822,2025-09-04,C0300,Fashion,Seoul,App,3,38300.0,0.0,0,3.0,5.0
O00823,2025-05-02,C0230,Food,Busan,App,3,19700.0,0.0,0,5.0,
O00824,2025-10-02,C0137,Food,Daejeon,Web,2,14400.0,0.05,0,3.0,4.0
O00825,2025-11-24,C0095,Food,Busan,App,2,19000.0,0.1,0,1.0,5.0
O00826,2025-01-08,C0262,Food,Daegu,App,2,14000.0,0.0,0,2.0,4.0
O00827,2025-09-04,C0078,Home,Incheon,Web,1,36400.0,0.3,0,5.0,4.0
O00828,2025-04-06,C0145,Fashion,Seoul,Web,1,41300.0,0.0,0,7.0,2.0
O00829,2025-12-03,C0232,Food,Incheon,App,2,18300.0,0.1,0,4.0,3.0
O00830,2025-04-15,C0277,Books,Seoul,App,1,16100.0,0.2,0,7.0,3.0
O00831,2025-09-10,C0277,Books,Incheon,App,1,21400.0,0.2,0,6.0,4.0
O00832,2025-08-18,C0027,Fashion,Incheon,App,3,46900.0,0.1,0,4.0,4.0
O00833,2025-06-13,C0270,Food,Incheon,App,1,22900.0,0.1,0,6.0,3.0
O00834,2025-10-08,C0035,Electronics,Busan,App,2,103000.0,0.0,0,3.0,4.0
O00835,2025-10-28,C0176,Home,Daegu,Web,2,33100.0,0.0,0,4.0,3.0
O00836,2025-08-23,C0279,Home,Incheon,App,1,26300.0,0.05,0,6.0,4.0
O00837,2025-11-06,C0197,Fashion,Busan,App,3,44800.0,0.0,0,5.0,
O00838,2025-12-28,C0285,Books,Incheon,Web,1,18700.0,0.05,0,4.0,5.0
O00839,2025-06-23,C0104,Books,Seoul,App,3,20600.0,0.0,0,4.0,4.0
O00840,2025-08-01,C0095,Electronics,Daejeon,Web,2,131500.0,0.2,0,7.0,2.0
O00841,2025-01-06,C0098,Fashion,Daegu,App,1,51700.0,0.2,0,1.0,5.0
O00842,2025-11-15,C0107,Fashion,Busan,App,1,37100.0,0.2,1,1.0,4.0
O00843,2025-08-04,C0205,Books,Daegu,App,1,11600.0,0.1,0,4.0,4.0
O00844,2025-06-18,C0136,Home,Daegu,App,1,43900.0,0.0,0,1.0,5.0
O00845,2025-02-08,C0222,Food,Daegu,App,1,14700.0,0.0,0,3.0,3.0
O00846,2025-12-06,C0125,Books,Seoul,App,5,12200.0,0.1,0,4.0,3.0
O00847,2025-06-13,C0093,Food,Daejeon,App,1,24400.0,0.1,0,3.0,4.0
O00848,2025-10-10,C0058,Electronics,Daejeon,App,3,164900.0,0.05,0,2.0,5.0
O00849,2025-03-03,C0166,Electronics,Daejeon,Web,1,135800.0,0.05,0,2.0,5.0
O00850,2025-12-23,C0270,Fashion,Daejeon,Web,5,43400.0,0.05,0,5.0,4.0
O00851,2025-03-15,C0258,Fashion,Daejeon,App,1,57700.0,0.0,0,7.0,4.0
O00852,2025-03-24,C0076,Food,Daegu,Web,1,15200.0,0.0,1,6.0,4.0
O00853,2025-11-29,C0144,Electronics,Seoul,Web,2,120100.0,0.05,1,4.0,3.0
O00854,2025-12-11,C0212,Fashion,Incheon,Web,1,42700.0,0.1,0,1.0,5.0
O00855,2025-03-29,C0184,Fashion,Busan,App,3,60300.0,0.3,0,2.0,5.0
O00856,2025-07-14,C0021,Electronics,Busan,Web,1,161300.0,0.05,0,4.0,4.0
O00857,2025-10-31,C0178,Electronics,Daejeon,App,2,138700.0,0.1,0,2.0,5.0
O00858,2025-12-04,C0012,Electronics,,App,2,93300.0,0.2,0,5.0,3.0
O00859,2025-06-06,C0035,Home,Incheon,App,2,36300.0,0.0,0,3.0,4.0
O00860,2025-08-02,C0197,Home,Daegu,Web,1,30500.0,0.1,0,6.0,3.0
O00861,2025-11-02,C0031,Home,Seoul,App,1,46200.0,0.05,0,2.0,4.0
O00862,2025-10-30,C0102,Home,Busan,Web,1,27900.0,0.1,0,4.0,5.0
O00863,2025-11-12,C0177,Food,Daejeon,App,1,13300.0,0.0,1,6.0,2.0
O00864,2025-08-24,C0197,Books,Incheon,Web,1,19100.0,0.2,1,2.0,5.0
O00865,2025-02-13,C0134,Home,Incheon,App,4,35600.0,0.3,0,6.0,3.0
O00866,2025-12-09,C0029,Food,Incheon,Web,1,23200.0,0.0,0,5.0,3.0
O00867,2025-12-01,C0240,Food,Busan,App,2,13500.0,0.0,0,5.0,4.0
O00868,2025-11-15,C0285,Food,Daejeon,Web,1,22700.0,0.0,0,4.0,3.0
O00869,2025-02-11,C0267,Electronics,Daegu,App,1,87100.0,0.1,0,7.0,3.0
O00870,2025-03-26,C0225,Books,Daegu,App,1,11500.0,0.1,0,6.0,5.0
O00871,2025-11-03,C0121,Electronics,Busan,Web,1,122800.0,0.0,0,2.0,5.0
O00872,2025-01-10,C0263,Home,Daegu,Web,1,29900.0,0.2,0,4.0,4.0
O00873,2025-12-27,C0147,Food,Daejeon,Web,1,20100.0,0.05,1,7.0,4.0
O00874,2025-06-06,C0041,Home,Daegu,Web,1,25100.0,0.05,0,2.0,4.0
O00875,2025-10-25,C0256,Fashion,Incheon,App,5,32600.0,0.05,0,4.0,5.0
O00876,2025-12-06,C0097,Books,Busan,App,1,19300.0,0.05,0,6.0,4.0
O00877,2025-06-13,C0282,Electronics,Incheon,Web,1,101700.0,0.05,0,2.0,4.0
O00878,2025-05-13,C0111,Fashion,Busan,App,1,52200.0,0.0,0,4.0,3.0
O00879,2025-09-09,C0261,Books,Daegu,Web,1,19600.0,0.05,0,4.0,4.0
O00880,2025-08-29,C0162,Food,Seoul,App,2,13300.0,0.2,0,2.0,4.0
O00881,2025-06-19,C0141,Electronics,Seoul,App,1,148700.0,0.05,0,2.0,3.0
O00882,2025-09-07,C0090,Food,Daegu,App,2,16000.0,0.2,0,4.0,4.0
O00883,2025-12-17,C0251,Books,Busan,App,1,15600.0,0.1,0,2.0,4.0
O00884,2025-07-13,C0019,Electronics,Incheon,App,1,91300.0,0.1,0,7.0,4.0
O00885,2025-03-23,C0141,Home,Incheon,App,4,45000.0,0.0,0,4.0,4.0
O00886,2025-06-06,C0111,Home,Incheon,Web,1,38200.0,0.1,0,5.0,3.0
O00887,2025-06-13,C0164,Electronics,Daegu,App,2,126400.0,0.0,0,3.0,5.0
O00888,2025-02-24,C0077,Fashion,Busan,App,1,62000.0,0.0,0,3.0,4.0
O00889,2025-03-09,C0200,Electronics,Daegu,App,4,112100.0,0.0,0,4.0,4.0
O00890,2025-10-11,C0116,Electronics,Busan,Web,1,158800.0,0.0,0,5.0,3.0
O00891,2025-05-21,C0057,Home,Busan,Web,1,42100.0,0.2,0,3.0,5.0
O00892,2025-12-21,C0060,Home,Incheon,App,2,47200.0,0.3,0,2.0,4.0
O00893,2025-04-11,C0209,Fashion,Daejeon,App,30,60100.0,0.1,0,2.0,5.0
O00894,2025-02-10,C0079,Fashion,Busan,App,1,62700.0,0.0,0,4.0,5.0
O00895,2025-11-05,C0093,Electronics,Incheon,App,5,95100.0,0.2,0,5.0,3.0
O00896,2025-12-04,C0189,Food,Seoul,App,2,22600.0,0.1,0,4.0,2.0
O00897,2025-04-26,C0099,Fashion,Seoul,Web,2,56800.0,0.0,0,2.0,5.0
O00898,2025-03-25,C0117,Books,Daegu,App,2,18400.0,0.05,0,2.0,4.0
O00899,2025-03-18,C0074,Home,Daegu,Web,3,31300.0,0.1,0,3.0,4.0
O00900,2025-08-05,C0104,Books,Busan,Web,3,22000.0,0.0,0,3.0,4.0
O00901,2025-07-13,C0208,Food,Daegu,Web,2,15200.0,0.05,0,2.0,4.0
O00902,2025-04-18,C0161,Fashion,Busan,App,1,47200.0,0.1,0,7.0,4.0
O00903,2025-01-19,C0300,Food,Busan,App,1,19200.0,0.0,0,3.0,4.0
O00904,2025-07-19,C0232,Fashion,Incheon,App,2,36600.0,0.05,0,2.0,5.0
O00905,2025-12-22,C0006,Electronics,,Web,3,144700.0,0.05,0,5.0,4.0
O00906,2025-09-28,C0114,Fashion,Daejeon,App,1,34300.0,0.1,0,6.0,3.0
O00907,2025-07-25,C0087,Fashion,Incheon,App,1,53300.0,0.3,0,4.0,4.0
O00908,2025-02-15,C0177,Electronics,Busan,App,1,155300.0,0.2,0,5.0,4.0
O00909,2025-04-15,C0080,Electronics,Incheon,App,1,113300.0,0.1,0,1.0,5.0
O00910,2025-05-02,C0290,Books,Daegu,App,3,19100.0,0.1,0,4.0,5.0
O00911,2025-11-07,C0090,Home,Busan,App,1,28300.0,0.1,0,1.0,5.0
O00912,2025-12-03,C0157,Home,Daejeon,App,2,45200.0,0.05,0,1.0,5.0
O00913,2025-12-09,C0037,Books,Incheon,App,2,21900.0,0.0,0,5.0,4.0
O00914,2025-12-28,C0273,Fashion,Daegu,Web,4,36300.0,0.1,0,2.0,4.0
O00915,2025-12-27,C0274,Home,Daejeon,Web,1,41500.0,0.1,0,1.0,4.0
O00916,2025-12-21,C0239,Books,Incheon,Web,4,16900.0,0.05,0,2.0,4.0
O00917,2025-01-30,C0106,Food,Seoul,App,2,19300.0,0.2,0,6.0,3.0
O00918,2025-02-27,C0018,Fashion,,App,2,53800.0,0.1,0,5.0,4.0
O00919,2025-05-06,C0214,Fashion,,App,1,46900.0,0.05,0,3.0,5.0
O00920,2025-08-17,C0129,Electronics,Incheon,App,1,134400.0,0.0,0,7.0,2.0
O00921,2025-02-10,C0298,Electronics,Daejeon,Web,2,103400.0,0.0,0,3.0,4.0
O00922,2025-11-26,C0210,Electronics,Incheon,App,1,115800.0,0.05,0,7.0,3.0
O00923,2025-09-13,C0162,Food,Daegu,Web,1,23500.0,0.05,0,3.0,5.0
O00924,2025-08-13,C0297,Food,Incheon,App,2,14000.0,0.0,0,1.0,4.0
O00925,2025-03-10,C0241,Home,Busan,Web,2,39100.0,0.0,0,1.0,4.0
O00926,2025-04-15,C0138,Food,Busan,App,1,14900.0,0.0,1,2.0,3.0
O00927,2025-03-08,C0006,Electronics,Incheon,App,1,155100.0,0.1,1,2.0,5.0
O00928,2025-11-27,C0028,Fashion,Seoul,App,1,49700.0,0.1,0,2.0,4.0
O00929,2025-08-30,C0134,Fashion,Incheon,Web,3,44200.0,0.05,0,3.0,4.0
O00930,2025-11-01,C0169,Books,Incheon,App,4,14000.0,0.0,0,7.0,3.0
O00931,2025-05-03,C0010,Food,Daejeon,App,1,18100.0,0.0,0,2.0,5.0
O00932,2025-06-03,C0038,Books,Seoul,App,1,21900.0,0.0,0,2.0,4.0
O00933,2025-06-17,C0212,Fashion,Daejeon,App,1,47500.0,0.05,0,7.0,3.0
O00934,2025-11-06,C0226,Books,Incheon,Web,1,16500.0,0.0,0,2.0,5.0
O00935,2025-11-09,C0009,Electronics,Daegu,App,3,146700.0,0.0,0,6.0,4.0
O00936,2025-03-27,C0153,Fashion,Incheon,Web,1,43400.0,0.3,0,5.0,4.0
O00937,2025-12-18,C0025,Home,Busan,Web,1,35000.0,0.05,0,7.0,4.0
O00938,2025-02-19,C0218,Electronics,Daejeon,App,1,112300.0,0.2,0,4.0,4.0
O00939,2025-12-08,C0251,Books,Busan,App,1,12900.0,0.0,0,5.0,
O00940,2025-02-11,C0261,Books,Seoul,Web,3,19200.0,0.0,0,2.0,5.0
O00941,2025-04-20,C0180,Home,Daegu,Web,2,45900.0,0.2,0,5.0,5.0
O00942,2025-11-26,C0189,Fashion,Daegu,Web,2,60000.0,0.05,0,5.0,5.0
O00943,2025-03-16,C0278,Electronics,Daejeon,Web,1,158000.0,0.1,0,7.0,2.0
O00944,2025-06-21,C0184,Food,Incheon,App,4,18300.0,0.3,0,1.0,5.0
O00945,2025-07-06,C0134,Home,Seoul,Web,1,31500.0,0.1,0,2.0,4.0
O00946,2025-04-12,C0227,Food,Seoul,App,3,20600.0,0.0,0,1.0,4.0
O00947,2025-10-21,C0178,Food,Incheon,Web,3,24600.0,0.05,0,6.0,3.0
O00948,2025-11-27,C0253,Electronics,Busan,Web,1,145100.0,0.0,0,1.0,
O00949,2025-12-03,C0158,Electronics,Daejeon,App,3,125600.0,0.0,0,7.0,4.0
O00950,2025-05-21,C0261,Food,Seoul,Web,1,21300.0,0.0,0,3.0,4.0
O00951,2025-08-08,C0014,Electronics,Daejeon,App,2,148900.0,0.2,0,3.0,5.0
O00952,2025-04-13,C0011,Books,Busan,App,1,21500.0,0.1,0,7.0,3.0
O00953,2025-04-12,C0030,Electronics,Seoul,App,1,148100.0,0.0,0,6.0,3.0
O00954,2025-03-08,C0167,Food,Busan,App,1,18100.0,0.0,0,4.0,3.0
O00955,2025-12-18,C0213,Books,Seoul,Web,1,14300.0,0.1,0,7.0,4.0
O00956,2025-12-06,C0065,Home,Incheon,App,1,36700.0,0.2,0,6.0,3.0
O00957,2025-11-10,C0047,Electronics,Busan,App,1,111600.0,0.0,0,5.0,3.0
O00958,2025-08-03,C0259,Books,Incheon,App,2,21800.0,0.0,0,3.0,5.0
O00959,2025-07-23,C0226,Electronics,Incheon,Web,1,126700.0,0.2,0,7.0,3.0
O00960,2025-08-08,C0195,Home,Seoul,Web,1,36100.0,0.2,0,6.0,5.0
O00961,2025-08-11,C0147,Books,Seoul,Web,5,15100.0,0.2,0,7.0,2.0
O00962,2025-06-29,C0127,Food,Seoul,Web,4,20700.0,0.0,0,7.0,3.0
O00963,2025-02-24,C0007,Electronics,Seoul,App,1,127700.0,0.0,0,4.0,3.0
O00964,2025-02-21,C0057,Books,Seoul,Web,1,12600.0,0.05,0,3.0,3.0
O00965,2025-12-21,C0270,Electronics,Busan,Web,2,157000.0,0.0,0,7.0,3.0
O00966,2025-07-19,C0102,Food,Incheon,Web,2,17100.0,0.2,0,7.0,5.0
O00967,2025-12-21,C0212,Food,Busan,App,1,18100.0,0.0,0,1.0,5.0
O00968,2025-03-09,C0212,Fashion,Busan,Web,2,38000.0,0.1,1,5.0,3.0
O00969,2025-08-18,C0093,Home,Incheon,App,1,38100.0,0.2,0,5.0,2.0
O00970,2025-03-27,C0062,Electronics,Incheon,Web,1,143000.0,0.3,0,6.0,2.0
O00971,2025-04-15,C0208,Books,Busan,App,2,21100.0,0.1,0,7.0,3.0
O00972,2025-01-13,C0029,Fashion,Busan,Web,2,33100.0,0.2,1,2.0,4.0
O00973,2025-02-19,C0149,Fashion,Incheon,App,3,62200.0,0.0,0,7.0,
O00974,2025-12-12,C0267,Home,Seoul,Web,1,41700.0,0.05,0,5.0,2.0
O00975,2025-05-14,C0214,Food,Incheon,Web,1,16200.0,0.0,0,1.0,5.0
O00976,2025-09-09,C0230,Home,Daejeon,Web,1,29500.0,0.3,0,4.0,5.0
O00977,2025-07-12,C0025,Home,Busan,Web,1,31800.0,0.2,0,1.0,5.0
O00978,2025-06-15,C0060,Home,Seoul,Web,1,46000.0,0.0,0,7.0,2.0
O00979,2025-08-09,C0083,Books,Daegu,App,1,14500.0,0.0,0,6.0,
O00980,2025-03-19,C0088,Fashion,Seoul,App,2,46100.0,0.05,0,7.0,3.0
O00981,2025-12-29,C0059,Books,Seoul,Web,2,19100.0,0.0,0,5.0,4.0
O00982,2025-11-20,C0292,Food,Seoul,App,1,23600.0,0.2,0,3.0,3.0
O00983,2025-11-02,C0050,Books,Daejeon,App,1,18600.0,0.0,1,3.0,5.0
O00984,2025-07-13,C0213,Books,Daejeon,Web,2,19600.0,0.1,0,7.0,3.0
O00985,2025-03-05,C0177,Food,Incheon,Web,1,14800.0,0.1,0,2.0,4.0
O00986,2025-12-13,C0184,Fashion,,Web,3,59100.0,0.05,0,7.0,5.0
O00987,2025-05-22,C0065,Food,Daegu,Web,1,16100.0,0.0,0,3.0,4.0
O00988,2025-01-21,C0093,Food,Daegu,App,2,14200.0,0.3,0,5.0,4.0
O00989,2025-05-22,C0182,Fashion,Incheon,App,3,62300.0,0.1,0,5.0,3.0
O00990,2025-11-14,C0090,Food,Daejeon,App,2,15100.0,0.05,0,1.0,4.0
O00991,2025-09-15,C0209,Fashion,Daegu,App,2,35800.0,0.05,0,2.0,4.0
O00992,2025-11-04,C0012,Home,Seoul,App,2,39800.0,0.2,0,2.0,5.0
O00993,2025-11-14,C0022,Food,Busan,Web,1,16600.0,0.2,0,6.0,4.0
O00994,2025-03-29,C0219,Electronics,Daejeon,Web,2,95200.0,0.2,0,1.0,5.0
O00995,2025-12-14,C0186,Fashion,Incheon,Web,3,50400.0,0.1,0,5.0,3.0
O00996,2025-07-01,C0013,Food,Busan,Web,4,22200.0,0.2,0,1.0,5.0
O00997,2025-09-22,C0270,Home,Daejeon,Web,1,43900.0,0.0,0,6.0,2.0
O00998,2025-01-01,C0002,Books,Daegu,App,1,12900.0,0.1,0,7.0,2.0
O00999,2025-12-30,C0287,Electronics,Incheon,Web,2,130800.0,0.05,0,3.0,4.0
O01000,2025-04-27,C0219,Food,Incheon,Web,2,22900.0,0.1,0,2.0,5.0
O01001,2025-01-26,C0297,Books,Seoul,App,1,13000.0,0.3,0,4.0,5.0
O01002,2025-07-09,C0285,Books,Busan,Web,1,13500.0,0.3,0,5.0,3.0
O01003,2025-02-23,C0094,Electronics,Incheon,App,1,84200.0,0.05,0,6.0,3.0
O01004,2025-03-05,C0227,Books,Daejeon,Web,1,17100.0,0.1,0,5.0,2.0
O01005,2025-09-19,C0064,Fashion,Busan,App,1,37600.0,0.2,0,5.0,
O01006,2025-06-12,C0142,Fashion,Seoul,Web,1,54300.0,0.3,0,5.0,4.0
O01007,2025-12-14,C0073,Fashion,Incheon,App,1,61800.0,0.1,0,2.0,5.0
O01008,2025-05-13,C0146,Food,Daejeon,Web,4,15200.0,0.0,0,,5.0
O01009,2025-10-28,C0262,Food,Incheon,Web,1,20800.0,0.0,0,7.0,3.0
O01010,2025-07-10,C0131,Home,Busan,App,1,29700.0,0.2,0,5.0,4.0
O01011,2025-10-01,C0028,Electronics,Daegu,Web,1,85500.0,0.1,0,7.0,3.0
O01012,2025-09-06,C0098,Books,Daegu,Web,1,19700.0,0.1,1,5.0,4.0
O01013,2025-07-15,C0236,Fashion,Busan,App,4,45200.0,0.1,0,,4.0
O01014,2025-12-20,C0157,Electronics,Daejeon,Web,3,163500.0,0.05,1,4.0,4.0
O01015,2025-05-22,C0169,Home,Incheon,App,30,37600.0,0.05,1,5.0,4.0
O01016,2025-03-15,C0130,Home,Seoul,App,1,28400.0,0.2,0,2.0,5.0
O01017,2025-10-08,C0088,Food,Incheon,Web,1,18300.0,0.0,0,4.0,5.0
O01018,2025-11-26,C0180,Books,Daejeon,App,1,13500.0,0.1,0,6.0,2.0
O01019,2025-01-17,C0190,Electronics,Busan,Web,1,157800.0,0.1,0,1.0,4.0
O01020,2025-07-06,C0270,Fashion,Incheon,App,1,53300.0,0.2,0,1.0,5.0
O01021,2025-12-07,C0186,Home,Daegu,Web,1,32900.0,0.0,0,2.0,3.0
O01022,2025-11-04,C0299,Food,Daegu,Web,2,19300.0,0.1,0,5.0,3.0
O01023,2025-12-30,C0248,Food,Daejeon,Web,1,21000.0,0.0,0,2.0,4.0
O01024,2025-08-08,C0024,Fashion,Seoul,App,1,56200.0,0.0,0,4.0,5.0
O01025,2025-10-01,C0118,Food,Incheon,App,1,13600.0,0.05,0,1.0,5.0
O01026,2025-05-06,C0116,Books,Incheon,App,1,11500.0,0.0,0,2.0,5.0
O01027,2025-12-19,C0001,Home,Seoul,App,1,27300.0,0.2,0,1.0,5.0
O01028,2025-06-01,C0055,Books,Daegu,App,1,15600.0,0.2,1,6.0,3.0
O01029,2025-11-01,C0229,Food,Seoul,App,1,18500.0,0.0,0,4.0,4.0
O01030,2025-06-16,C0106,Fashion,Incheon,App,1,35800.0,0.2,1,2.0,
O01031,2025-08-21,C0045,Fashion,Busan,App,3,44500.0,0.05,0,4.0,5.0
O01032,2025-10-25,C0087,Food,Seoul,Web,3,18200.0,0.1,0,,3.0
O01033,2025-07-30,C0083,Fashion,Daejeon,App,1,34900.0,0.2,0,6.0,2.0
O01034,2025-12-10,C0053,Fashion,Busan,App,1,60400.0,0.1,0,7.0,2.0
O01035,2025-06-23,C0031,Fashion,Busan,Web,2,50400.0,0.0,0,3.0,4.0
O01036,2025-09-25,C0230,Food,Daejeon,Web,2,17500.0,0.0,0,3.0,2.0
O01037,2025-05-22,C0248,Fashion,Daejeon,Web,1,47500.0,0.05,0,3.0,5.0
O01038,2025-06-18,C0149,Food,Seoul,App,1,16600.0,0.2,0,3.0,5.0
O01039,2025-07-02,C0185,Books,Busan,Web,1,20800.0,0.1,0,7.0,3.0
O01040,2025-02-22,C0276,Books,Daegu,App,2,17600.0,0.05,0,1.0,4.0
O01041,2025-02-07,C0253,Books,Daegu,App,1,16700.0,0.0,0,6.0,4.0
O01042,2025-10-04,C0010,Electronics,Daejeon,App,1,160500.0,0.2,0,7.0,2.0
O01043,2025-09-29,C0286,Home,Incheon,Web,1,45000.0,0.0,0,6.0,3.0
O01044,2025-10-02,C0021,Fashion,Seoul,App,1,57100.0,0.1,0,5.0,
O01045,2025-01-09,C0008,Books,Daejeon,App,1,13700.0,0.1,0,6.0,4.0
O01046,2025-05-16,C0121,Food,Seoul,Web,2,14500.0,0.0,0,1.0,5.0
O01047,2025-03-23,C0224,Fashion,Seoul,Web,1,53200.0,0.0,0,6.0,4.0
O01048,2025-11-10,C0025,Home,Daegu,Web,1,36000.0,0.05,0,4.0,5.0
O01049,2025-11-29,C0088,Food,Daegu,Web,1,21200.0,0.0,0,7.0,3.0
O01050,2025-04-13,C0079,Home,Seoul,App,3,43100.0,0.1,1,1.0,5.0
O01051,2025-10-04,C0120,Home,Seoul,App,1,31700.0,0.2,0,7.0,3.0
O01052,2025-02-23,C0296,Electronics,Incheon,App,1,107900.0,0.0,0,5.0,2.0
O01053,2025-04-24,C0100,Home,Busan,App,1,36500.0,0.05,0,1.0,4.0
O01054,2025-02-27,C0063,Fashion,Daegu,App,3,40100.0,0.0,0,4.0,3.0
O01055,2025-04-28,C0037,Books,Incheon,App,2,18700.0,0.0,0,1.0,4.0
O01056,2025-10-07,C0060,Books,Incheon,App,3,19600.0,0.1,0,1.0,4.0
O01057,2025-12-11,C0040,Food,Incheon,Web,2,18500.0,0.1,0,4.0,4.0
O01058,2025-03-25,C0173,Electronics,Busan,App,1,144800.0,0.1,1,6.0,
O01059,2025-08-13,C0127,Books,Busan,Web,1,16900.0,0.0,0,1.0,5.0
O01060,2025-10-18,C0150,Fashion,Daegu,App,1,54000.0,0.1,0,2.0,3.0
O01061,2025-12-21,C0250,Home,Incheon,App,2,30000.0,0.05,0,3.0,3.0
O01062,2025-09-10,C0175,Books,Incheon,App,2,19500.0,0.3,0,4.0,3.0
O01063,2025-04-16,C0047,Books,Incheon,Web,1,19200.0,0.1,0,1.0,5.0
O01064,2025-09-16,C0114,Electronics,Busan,App,3,106400.0,0.2,0,5.0,4.0
O01065,2025-05-13,C0094,Fashion,Daejeon,Web,1,49000.0,0.0,0,4.0,3.0
O01066,2025-12-26,C0249,Food,Incheon,App,1,23400.0,0.05,0,7.0,4.0
O01067,2025-06-15,C0093,Home,Daegu,Web,1,30600.0,0.1,0,3.0,5.0
O01068,2025-10-11,C0042,Fashion,Daejeon,App,3,54700.0,0.05,0,4.0,4.0
O01069,2025-01-10,C0221,Home,Daejeon,App,3,47900.0,0.1,0,1.0,4.0
O01070,2025-06-15,C0129,Books,Daegu,Web,1,20900.0,0.05,0,7.0,3.0
O01071,2025-12-03,C0029,Fashion,Daegu,Web,4,44100.0,0.3,0,6.0,3.0
O01072,2025-09-10,C0207,Food,Incheon,App,3,20300.0,0.0,0,3.0,4.0
O01073,2025-07-03,C0064,Food,Daegu,App,3,25100.0,0.2,0,4.0,4.0
O01074,2025-12-17,C0261,Books,Busan,Web,3,17600.0,0.05,0,7.0,4.0
O01075,2025-11-28,C0250,Fashion,Daegu,Web,1,35100.0,0.05,0,3.0,4.0
O01076,2025-05-14,C0111,Fashion,Seoul,App,2,32900.0,0.05,0,2.0,5.0
O01077,2025-08-14,C0167,Home,Daejeon,App,2,43900.0,0.0,0,2.0,5.0
O01078,2025-07-22,C0171,Home,Busan,App,2,34900.0,0.3,0,5.0,4.0
O01079,2025-09-19,C0197,Home,Daegu,Web,1,30500.0,0.2,0,2.0,4.0
O01080,2025-05-19,C0021,Food,Seoul,App,2,17000.0,0.3,0,1.0,5.0
O01081,2025-04-12,C0098,Food,Seoul,Web,4,22100.0,0.3,0,2.0,5.0
O01082,2025-12-11,C0052,Fashion,Daejeon,Web,1,46200.0,0.1,1,7.0,5.0
O01083,2025-12-14,C0210,Food,Daejeon,App,5,23500.0,0.05,0,7.0,3.0
O01084,2025-11-25,C0021,Fashion,Busan,Web,1,54700.0,0.2,0,7.0,4.0
O01085,2025-12-26,C0156,Home,Seoul,App,1,48400.0,0.0,0,2.0,5.0
O01086,2025-11-03,C0219,Electronics,Daejeon,App,1,158600.0,0.2,0,4.0,4.0
O01087,2025-11-07,C0285,Fashion,Daejeon,App,2,39500.0,0.05,0,4.0,4.0
O01088,2025-11-07,C0087,Books,Seoul,App,2,18600.0,0.1,0,4.0,4.0
O01089,2025-07-18,C0003,Home,Daegu,Web,1,25000.0,0.05,0,1.0,5.0
O01090,2025-07-08,C0218,Food,Busan,Web,2,25100.0,0.05,0,5.0,5.0
O01091,2025-04-10,C0001,Electronics,Daegu,Web,1,105900.0,0.0,0,1.0,5.0
O01092,2025-09-24,C0020,Food,Incheon,App,1,21000.0,0.05,0,2.0,4.0
O01093,2025-04-30,C0298,Fashion,Seoul,App,3,58200.0,0.05,0,3.0,4.0
O01094,2025-04-17,C0259,Food,Busan,Web,2,14600.0,0.0,0,5.0,3.0
O01095,2025-08-31,C0213,Books,Incheon,Web,2,20700.0,0.0,0,7.0,5.0
O01096,2025-06-19,C0251,Home,Daegu,Web,2,24800.0,0.1,0,5.0,3.0
O01097,2025-04-01,C0023,Electronics,Seoul,App,5,121100.0,0.0,0,4.0,5.0
O01098,2025-11-19,C0027,Home,Daejeon,App,1,36100.0,0.2,0,4.0,4.0
O01099,2025-11-29,C0091,Electronics,,App,1,115400.0,0.0,0,4.0,4.0
O01100,2025-03-11,C0008,Home,Daejeon,App,1,38900.0,0.1,0,2.0,4.0
O01101,2025-01-04,C0267,Electronics,,Web,2,160800.0,0.0,0,7.0,3.0
O01102,2025-05-20,C0017,Food,Seoul,App,2,16700.0,0.05,0,7.0,2.0
O01103,2025-11-15,C0164,Fashion,Seoul,App,2,49700.0,0.1,0,2.0,5.0
O01104,2025-11-25,C0257,Fashion,Daegu,Web,1,59100.0,0.1,0,1.0,5.0
O01105,2025-02-27,C0221,Electronics,Seoul,App,1,148900.0,0.05,1,2.0,5.0
O01106,2025-11-10,C0071,Books,Seoul,Web,2,11700.0,0.05,0,5.0,5.0
O01107,2025-02-17,C0142,Books,Incheon,App,5,21800.0,0.0,0,1.0,4.0
O01108,2025-06-11,C0165,Books,Daejeon,App,1,11700.0,0.05,0,1.0,5.0
O01109,2025-12-31,C0231,Electronics,Daegu,App,1,133500.0,0.05,0,5.0,4.0
O01110,2025-03-21,C0128,Fashion,Incheon,App,1,49600.0,0.1,0,2.0,4.0
O01111,2025-03-05,C0086,Books,Seoul,Web,1,20000.0,0.05,0,1.0,5.0
O01112,2025-06-24,C0239,Home,Busan,App,1,28100.0,0.1,0,1.0,5.0
O01113,2025-09-14,C0266,Electronics,Daegu,App,1,99100.0,0.05,0,5.0,3.0
O01114,2025-12-16,C0147,Electronics,Seoul,App,2,147200.0,0.0,0,3.0,4.0
O01115,2025-12-27,C0009,Fashion,Incheon,App,1,36200.0,0.0,0,2.0,4.0
O01116,2025-01-29,C0151,Books,Seoul,Web,1,16500.0,0.0,0,5.0,5.0
O01117,2025-02-27,C0267,Electronics,Busan,App,1,145500.0,0.05,0,2.0,3.0
O01118,2025-11-13,C0297,Books,Busan,App,3,18500.0,0.2,0,4.0,4.0
O01119,2025-04-22,C0121,Food,Daegu,Web,1,15300.0,0.1,0,4.0,4.0
O01120,2025-12-05,C0046,Books,Daejeon,App,1,14600.0,0.05,0,5.0,3.0
O01121,2025-10-02,C0172,Books,Seoul,App,1,22100.0,0.0,0,5.0,4.0
O01122,2025-02-16,C0250,Fashion,Daegu,App,2,45600.0,0.2,0,5.0,4.0
O01123,2025-11-23,C0284,Books,Daegu,App,3,11700.0,0.0,0,2.0,5.0
O01124,2025-03-14,C0016,Electronics,Daejeon,Web,1,102400.0,0.05,0,1.0,5.0
O01125,2025-06-25,C0088,Fashion,Daejeon,App,1,42300.0,0.2,0,4.0,5.0
O01126,2025-08-17,C0144,Fashion,Seoul,Web,1,63000.0,0.05,0,1.0,5.0
O01127,2025-07-27,C0030,Electronics,Daegu,App,2,109400.0,0.0,0,4.0,5.0
O01128,2025-10-11,C0266,Electronics,Incheon,App,4,86200.0,0.0,1,5.0,3.0
O01129,2025-09-28,C0034,Electronics,Seoul,App,1,127100.0,0.1,0,6.0,4.0
O01130,2025-12-30,C0200,Electronics,Busan,App,1,91000.0,0.0,0,5.0,4.0
O01131,2025-12-31,C0276,Fashion,Daejeon,App,2,40100.0,0.1,0,7.0,3.0
O01132,2025-08-02,C0206,Electronics,Incheon,App,2,167400.0,0.05,0,4.0,3.0
O01133,2025-02-09,C0229,Electronics,Busan,App,1,143200.0,0.0,0,4.0,2.0
O01134,2025-10-29,C0079,Books,Busan,App,1,11800.0,0.0,1,2.0,5.0
O01135,2025-12-26,C0249,Electronics,Daejeon,App,1,121700.0,0.2,0,5.0,4.0
O01136,2025-05-12,C0126,Electronics,Busan,Web,2,98400.0,0.05,1,6.0,
O01137,2025-07-10,C0019,Electronics,Seoul,App,2,94300.0,0.1,0,3.0,5.0
O01138,2025-06-25,C0110,Electronics,Incheon,App,2,133300.0,0.05,0,1.0,5.0
O01139,2025-01-22,C0105,Home,Daejeon,App,3,36900.0,0.0,0,1.0,5.0
O01140,2025-10-06,C0157,Books,Seoul,App,1,19500.0,0.05,1,5.0,4.0
O01141,2025-05-27,C0080,Food,Busan,Web,1,23800.0,0.05,0,5.0,3.0
O01142,2025-11-13,C0139,Home,Incheon,App,1,30500.0,0.05,0,1.0,5.0
O01143,2025-11-23,C0129,Electronics,Seoul,Web,3,161500.0,0.2,0,1.0,5.0
O01144,2025-11-20,C0099,Food,Daegu,Web,2,19100.0,0.2,0,5.0,3.0
O01145,2025-06-22,C0209,Electronics,Busan,App,1,105700.0,0.1,0,3.0,3.0
O01146,2025-05-14,C0092,Food,,Web,1,23300.0,0.1,0,3.0,4.0
O01147,2025-11-04,C0230,Home,Busan,Web,2,25400.0,0.05,0,2.0,4.0
O01148,2025-11-16,C0076,Books,Daejeon,App,2,17500.0,0.1,0,6.0,4.0
O01149,2025-07-23,C0260,Fashion,Daejeon,App,2,54200.0,0.0,0,6.0,3.0
O01150,2025-12-07,C0110,Food,Incheon,App,1,16100.0,0.2,0,1.0,5.0
O01151,2025-03-01,C0013,Home,Incheon,Web,3,45700.0,0.2,0,1.0,3.0
O01152,2025-12-04,C0045,Home,Daejeon,App,2,30400.0,0.0,0,4.0,4.0
O01153,2025-02-09,C0242,Books,Seoul,App,2,20600.0,0.2,0,5.0,5.0
O01154,2025-03-05,C0262,Food,Daegu,App,2,13600.0,0.2,1,2.0,4.0
O01155,2025-08-09,C0064,Home,Daegu,App,3,28400.0,0.05,0,2.0,4.0
O01156,2025-01-28,C0181,Home,Daegu,Web,4,33800.0,0.2,0,5.0,3.0
O01157,2025-01-22,C0173,Food,Busan,App,2,23400.0,0.0,0,4.0,3.0
O01158,2025-01-01,C0041,Fashion,Daegu,Web,1,36100.0,0.0,0,1.0,5.0
O01159,2025-06-30,C0136,Electronics,Daegu,App,1,157500.0,0.0,0,5.0,3.0
O01160,2025-11-10,C0209,Home,Daejeon,Web,3,30100.0,0.1,0,1.0,5.0
O01161,2025-01-15,C0291,Electronics,Seoul,App,2,122000.0,0.05,0,2.0,5.0
O01162,2025-09-27,C0255,Electronics,Daegu,Web,1,113600.0,0.2,0,5.0,4.0
O01163,2025-11-21,C0030,Home,Daejeon,App,1,27400.0,0.0,0,2.0,4.0
O01164,2025-03-11,C0072,Food,Busan,Web,3,24500.0,0.0,0,1.0,5.0
O01165,2025-03-02,C0132,Food,Daegu,App,3,18100.0,0.1,0,7.0,4.0
O01166,2025-11-29,C0046,Fashion,Seoul,Web,4,53200.0,0.0,0,2.0,4.0
O01167,2025-11-21,C0172,Home,Daegu,Web,1,38600.0,0.1,0,4.0,3.0
O01168,2025-08-12,C0003,Electronics,Daegu,App,2,126100.0,0.05,0,6.0,3.0
O01169,2025-11-20,C0035,Food,Seoul,App,3,20400.0,0.3,0,7.0,4.0
O01170,2025-02-08,C0015,Fashion,Seoul,App,1,59800.0,0.1,0,6.0,4.0
O01171,2025-06-13,C0089,Food,Daegu,App,1,21400.0,0.0,0,3.0,
O01172,2025-11-01,C0229,Books,Busan,App,5,17200.0,0.0,0,6.0,3.0
O01173,2025-04-17,C0054,Food,Incheon,App,1,20700.0,0.0,0,1.0,4.0
O01174,2025-11-05,C0297,Fashion,Seoul,Web,2,50600.0,0.3,0,3.0,5.0
O01175,2025-07-28,C0081,Books,Daejeon,App,2,16100.0,0.1,0,2.0,4.0
O01176,2025-11-04,C0014,Food,Incheon,App,2,20500.0,0.05,0,4.0,4.0
O01177,2025-07-12,C0101,Food,Daejeon,App,1,18200.0,0.0,0,7.0,2.0
O01178,2025-06-02,C0225,Books,Seoul,App,2,19700.0,0.2,0,6.0,3.0
O01179,2025-04-01,C0032,Books,Busan,App,1,22100.0,0.0,0,7.0,4.0
O01180,2025-03-28,C0022,Electronics,Daegu,App,3,164600.0,0.1,0,1.0,4.0
O01181,2025-11-04,C0255,Books,Daegu,App,1,20400.0,0.1,0,6.0,4.0
O01182,2025-02-19,C0178,Food,Daegu,Web,2,20200.0,0.0,0,6.0,2.0
O01183,2025-02-05,C0103,Fashion,Daejeon,App,2,55100.0,0.05,0,4.0,4.0
O01184,2025-03-14,C0227,Fashion,Daejeon,App,1,37100.0,0.0,0,1.0,5.0
O01185,2025-03-14,C0254,Food,Seoul,App,1,18600.0,0.05,0,1.0,5.0
O01186,2025-11-21,C0108,Fashion,Busan,App,2,39600.0,0.3,0,7.0,2.0
O01187,2025-06-14,C0169,Home,Daejeon,Web,1,24600.0,0.1,0,3.0,5.0
O01188,2025-12-29,C0004,Food,Incheon,Web,1,24800.0,0.2,1,5.0,5.0
O01189,2025-02-26,C0092,Food,Daejeon,Web,1,23500.0,0.05,0,7.0,3.0
O01190,2025-09-28,C0179,Books,Incheon,App,4,17000.0,0.0,0,4.0,4.0
O01191,2025-07-05,C0060,Electronics,Seoul,Web,2,105300.0,0.1,0,2.0,5.0
O01192,2025-06-12,C0298,Fashion,Incheon,App,1,53300.0,0.05,0,4.0,3.0
O01193,2025-12-03,C0292,Books,Daejeon,App,4,16100.0,0.0,0,2.0,4.0
O01194,2025-12-26,C0078,Home,Daegu,App,1,44200.0,0.05,0,2.0,5.0
O01195,2025-12-02,C0119,Fashion,Seoul,Web,1,63000.0,0.1,0,6.0,4.0
O01196,2025-03-21,C0057,Fashion,Busan,App,1,42500.0,0.1,1,3.0,4.0
O01197,2025-04-02,C0152,Fashion,Daejeon,Web,1,39200.0,0.0,0,5.0,4.0
O01198,2025-09-29,C0038,Home,Daejeon,App,1,31100.0,0.2,0,6.0,4.0
O01199,2025-04-30,C0118,Fashion,Daegu,Web,2,34400.0,0.05,1,4.0,5.0
O01200,2025-11-01,C0167,Food,,Web,1,17600.0,0.0,0,4.0,4.0
O00093,2025-07-04,C0059,Books,Seoul,App,1,13900.0,0.2,0,4.0,4.0
O00434,2025-11-24,C0084,Home,Seoul,Web,1,40500.0,0.0,0,7.0,4.0
O00859,2025-06-06,C0035,Home,Incheon,App,2,36300.0,0.0,0,3.0,4.0
O01018,2025-11-26,C0180,Books,Daejeon,App,1,13500.0,0.1,0,6.0,2.0
O00462,2025-03-02,C0007,Books,Seoul,App,3,11500.0,0.0,0,1.0,4.0
O00782,2025-12-13,C0035,Electronics,Daejeon,App,1,128300.0,0.05,0,5.0,4.0
O01091,2025-04-10,C0001,Electronics,Daegu,Web,1,105900.0,0.0,0,1.0,5.0
O00983,2025-11-02,C0050,Books,Daejeon,App,1,18600.0,0.0,1,3.0,5.0
O00084,2025-03-11,C0171,Fashion,Seoul,App,1,43000.0,0.2,0,1.0,5.0
O00283,2025-04-08,C0173,Fashion,Seoul,Web,3,37000.0,0.05,0,1.0,5.0
O00308,2025-09-22,C0292,Fashion,Daejeon,Web,1,57900.0,0.2,0,7.0,4.0
O01041,2025-02-07,C0253,Books,Daegu,App,1,16700.0,0.0,0,6.0,4.0
